-- phpMyAdmin SQL Dump
-- version 5.1.1
-- https://www.phpmyadmin.net/
--
-- Servidor: 127.0.0.1:3306
-- Tiempo de generación: 05-02-2023 a las 19:12:42
-- Versión del servidor: 8.0.27
-- Versión de PHP: 8.0.13

SET SQL_MODE = "NO_AUTO_VALUE_ON_ZERO";
START TRANSACTION;
SET time_zone = "+00:00";


/*!40101 SET @OLD_CHARACTER_SET_CLIENT=@@CHARACTER_SET_CLIENT */;
/*!40101 SET @OLD_CHARACTER_SET_RESULTS=@@CHARACTER_SET_RESULTS */;
/*!40101 SET @OLD_COLLATION_CONNECTION=@@COLLATION_CONNECTION */;
/*!40101 SET NAMES utf8mb4 */;

--
-- Base de datos: `bdafiliaccion`
--

-- --------------------------------------------------------

--
-- Estructura de tabla para la tabla `catalogoclientes`
--

DROP TABLE IF EXISTS `catalogoclientes`;
CREATE TABLE IF NOT EXISTS `catalogoclientes` (
  `idcliente` varchar(4) CHARACTER SET utf8 COLLATE utf8_spanish_ci NOT NULL,
  `candidato` varchar(35) CHARACTER SET utf8 COLLATE utf8_spanish_ci NOT NULL,
  `coordinador` varchar(35) CHARACTER SET utf8 COLLATE utf8_spanish_ci NOT NULL,
  `responsable_ti` varchar(35) CHARACTER SET utf8 COLLATE utf8_spanish_ci NOT NULL,
  PRIMARY KEY (`idcliente`)
) ENGINE=InnoDB DEFAULT CHARSET=utf8mb3 COLLATE=utf8_spanish_ci;

--
-- Volcado de datos para la tabla `catalogoclientes`
--

INSERT INTO `catalogoclientes` (`idcliente`, `candidato`, `coordinador`, `responsable_ti`) VALUES
('P001', 'UNO', 'UNO', 'UNO'),
('P002', 'DOS', 'DOS', 'DOS'),
('P003', 'TRES', 'TRES', 'TRES');

-- --------------------------------------------------------

--
-- Estructura de tabla para la tabla `login`
--

DROP TABLE IF EXISTS `login`;
CREATE TABLE IF NOT EXISTS `login` (
  `userName` varchar(35) CHARACTER SET utf8 COLLATE utf8_spanish_ci NOT NULL,
  `nombrelider` varchar(35) CHARACTER SET utf8 COLLATE utf8_spanish_ci DEFAULT NULL,
  `apaternolider` varchar(35) CHARACTER SET utf8 COLLATE utf8_spanish_ci DEFAULT NULL,
  `amaternolider` varchar(35) CHARACTER SET utf8 COLLATE utf8_spanish_ci DEFAULT NULL,
  `direcclider` varchar(35) CHARACTER SET utf8 COLLATE utf8_spanish_ci DEFAULT NULL,
  `telefonolider` varchar(10) CHARACTER SET utf8 COLLATE utf8_spanish_ci DEFAULT NULL,
  `pass` varchar(4) CHARACTER SET utf8 COLLATE utf8_spanish_ci DEFAULT NULL,
  `idcliente` varchar(4) CHARACTER SET utf8 COLLATE utf8_spanish_ci DEFAULT NULL,
  PRIMARY KEY (`userName`)
) ENGINE=InnoDB DEFAULT CHARSET=utf8mb3 COLLATE=utf8_spanish_ci;

--
-- Volcado de datos para la tabla `login`
--

INSERT INTO `login` (`userName`, `nombrelider`, `apaternolider`, `amaternolider`, `direcclider`, `telefonolider`, `pass`, `idcliente`) VALUES
('abel.perez@afiliaccion.net', 'ABEL', 'PEREZ', 'HERNANDEZ', 'NIÑO DE ATOCHA NUEVO', '9613327297', '0982', 'P002'),
('alberto.vazquez@afiliaccion.net', 'ALBERTO', 'VAZQUEZ', 'MIRANDA', 'CANTERAS', '9612140519', '1316', 'P001'),
('edgar.gomez@afiliaccion.net', 'EDGAR DE JESUS', 'GOMEZ', 'COTA', 'CONOCIDA', '9611111112', '3456', 'P001'),
('erick.diaz@afiliaccion.net', 'ERICK ARTURO', 'DIAZ', 'HERNANDEZ', 'SUCHIAPA', '9613304787', '1102', 'P001'),
('hector.nuricumbo@afiliaccion.net', 'HECTOR ROBERTO', 'NURICUMBO', 'CASTRO', 'BONAMPAK', '9611572601', '1234', 'P003'),
('jesus.herrera@afiliaccion.net', 'JESUS', 'HERRERA', 'CRUZ', 'SANDINO', '9671941731', '2468', 'P002'),
('luis.daniel@afiliaccion.net', 'LUIS DANIEL', 'CRUZ', 'MOLINA', 'LAGUITOS', '9612464778', '1100', 'P001'),
('mauricio.ocampo@afliaccion.net', 'MAURICIO', 'OCAMPO', 'LOPEZ', 'SHANKA', '9614292274', '1101', 'P001'),
('montserrat.ramos@afiliaccion.net', 'MONTSERRAT VIRIDIANA', 'RAMOS', 'LOPEZ', 'CONOCIDA', '9611111111', '2345', 'P003'),
('yurandir.garcia@afiliaccion.net', 'YURANDIR', 'GARCIA', 'MORALES', 'CONOCIDA', '9611111113', '4567', 'P002');

-- --------------------------------------------------------

--
-- Estructura de tabla para la tabla `seccion`
--

DROP TABLE IF EXISTS `seccion`;
CREATE TABLE IF NOT EXISTS `seccion` (
  `cvesec` varchar(6) CHARACTER SET utf8 COLLATE utf8_spanish_ci NOT NULL,
  `localidad` varchar(35) CHARACTER SET utf8 COLLATE utf8_spanish_ci DEFAULT NULL,
  `municipio` varchar(35) CHARACTER SET utf8 COLLATE utf8_spanish_ci DEFAULT NULL,
  `estado` varchar(35) CHARACTER SET utf8 COLLATE utf8_spanish_ci DEFAULT NULL,
  PRIMARY KEY (`cvesec`)
) ENGINE=InnoDB DEFAULT CHARSET=utf8mb3 COLLATE=utf8_spanish_ci;

--
-- Volcado de datos para la tabla `seccion`
--

INSERT INTO `seccion` (`cvesec`, `localidad`, `municipio`, `estado`) VALUES
('1113', '77-1', '77', '7'),
('1114', '77-1', '77', '7'),
('1116', '77-1', '77', '7'),
('1117', '77-1', '77', '7'),
('1118', '77-1', '77', '7'),
('1119', '77-1', '77', '7'),
('1120', '77-1', '77', '7'),
('1121', '77-1', '77', '7'),
('1122', '77-1', '77', '7'),
('1123', '77-1', '77', '7'),
('1124', '77-1', '77', '7'),
('1125', '77-1', '77', '7'),
('1126', '77-1', '77', '7'),
('1127', '77-1', '77', '7'),
('1129', '77-1', '77', '7'),
('1130', '77-1', '77', '7'),
('1130AA', '77-92', '77', '7'),
('1131', '77-1', '77', '7'),
('1132', '77-1', '77', '7'),
('1133', '77-1', '77', '7'),
('1134', '77-1', '77', '7'),
('1135', '77-1', '77', '7'),
('1136', '77-1', '77', '7'),
('1137', '77-1', '77', '7'),
('1138', '77-1', '77', '7'),
('1139', '77-1', '77', '7'),
('1140', '77-1', '77', '7'),
('1141', '77-1', '77', '7'),
('1142', '77-1', '77', '7'),
('1143', '77-1', '77', '7'),
('1144', '77-1', '77', '7'),
('1145', '77-1', '77', '7'),
('1146', '77-1', '77', '7'),
('1147', '77-1', '77', '7'),
('1148', '77-1', '77', '7'),
('1149', '77-1', '77', '7'),
('1150', '77-1', '77', '7'),
('1151', '77-1', '77', '7'),
('1152', '77-48', '77', '7'),
('1152AA', '77-49', '77', '7'),
('1152AB', '77-82', '77', '7'),
('1152AC', '77-90', '77', '7'),
('1152AD', '77-101', '77', '7'),
('1152AE', '77-113', '77', '7'),
('1152AF', '77-120', '77', '7'),
('1153', '77-13', '77', '7'),
('1153AA', '77-28', '77', '7'),
('1153AB', '77-40', '77', '7'),
('1153AC', '77-81', '77', '7'),
('1153AD', '77-83', '77', '7'),
('1153AE', '77-107', '77', '7'),
('1153AF', '77-112', '77', '7'),
('1153AG', '77-127', '77', '7'),
('1154', '77-10', '77', '7'),
('1154AA', '77-117', '77', '7'),
('1155', '77-14', '77', '7'),
('1155AA', '77-25', '77', '7'),
('1155AB', '77-38', '77', '7'),
('1155AC', '77-43', '77', '7'),
('1155AD', '77-66', '77', '7'),
('1155AE', '77-98', '77', '7'),
('1155AF', '77-114', '77', '7'),
('1155AG', '77-116', '77', '7'),
('1156', '77-5', '77', '7'),
('1156AA', '77-11', '77', '7'),
('1156AB', '77-35', '77', '7'),
('1156AC', '77-97', '77', '7'),
('1156AD', '77-103', '77', '7'),
('1156AE', '77-106', '77', '7'),
('1157', '77-12', '77', '7'),
('1157AA', '77-15', '77', '7'),
('1157AB', '77-16', '77', '7'),
('1157AC', '77-19', '77', '7'),
('1157AD', '77-51', '77', '7'),
('1157AE', '77-52', '77', '7'),
('1157AF', '77-54', '77', '7'),
('1157AG', '77-67', '77', '7'),
('1157AH', '77-71', '77', '7'),
('1157AI', '77-77', '77', '7'),
('1157AJ', '77-100', '77', '7'),
('1157AK', '77-104', '77', '7'),
('1157AL', '77-110', '77', '7'),
('1157AM', '77-118', '77', '7'),
('1157AN', '77-121', '77', '7'),
('1158', '77-2', '77', '7'),
('1158AA', '77-37', '77', '7'),
('1158AB', '77-39', '77', '7'),
('1158AC', '77-53', '77', '7'),
('1158AD', '77-56', '77', '7'),
('1158AE', '77-62', '77', '7'),
('1158AF', '77-85', '77', '7'),
('1158AG', '77-94', '77', '7'),
('1158AH', '77-99', '77', '7'),
('1158AI', '77-108', '77', '7'),
('1158AJ', '77-109', '77', '7'),
('1158AK', '77-119', '77', '7'),
('1158AL', '77-123', '77', '7'),
('1158AM', '77-124', '77', '7'),
('1158AN', '77-126', '77', '7'),
('1159', '77-4', '77', '7'),
('1159AA', '77-6', '77', '7'),
('1159AB', '77-23', '77', '7'),
('1159AC', '77-26', '77', '7'),
('1159AD', '77-27', '77', '7'),
('1159AE', '77-63', '77', '7'),
('1159AF', '77-65', '77', '7'),
('1159AG', '77-70', '77', '7'),
('1159AH', '77-72', '77', '7'),
('1159AI', '77-78', '77', '7'),
('1159AJ', '77-93', '77', '7'),
('1159AK', '77-111', '77', '7'),
('1159AL', '77-122', '77', '7'),
('1159AM', '77-125', '77', '7'),
('1159AN', '77-126', '77', '7'),
('1160', '77-17', '77', '7'),
('1160AA', '77-46', '77', '7'),
('1160AB', '77-59', '77', '7'),
('1160AC', '77-80', '77', '7'),
('1160AD', '77-87', '77', '7'),
('1160AE', '77-89', '77', '7'),
('1160AF', '77-91', '77', '7'),
('1160AG', '77-105', '77', '7'),
('1161', '77-18', '77', '7'),
('1161AA', '77-44', '77', '7'),
('1162', '77-8', '77', '7'),
('1162AA', '77-33', '77', '7'),
('1163', '77-32', '77', '7'),
('1163AA', '77-74', '77', '7'),
('1163AB', '77-75', '77', '7'),
('1510', '97', '97', '7'),
('1602', '102-1', '102', '7'),
('1603', '102-1', '102', '7'),
('1604', '102-1', '102', '7'),
('1605', '102-1', '102', '7'),
('1607', '102-1', '102', '7'),
('1608', '102-1', '102', '7'),
('1609', '102-1', '102', '7'),
('1610', '102-1', '102', '7'),
('1611', '102-1', '102', '7'),
('1612', '102-1', '102', '7'),
('1613', '102-1', '102', '7'),
('1614', '102-1', '102', '7'),
('1615', '102-1', '102', '7'),
('1616', '102-1', '102', '7'),
('1617', '102-1', '102', '7'),
('1618', '102-1', '102', '7'),
('1619', '102-1', '102', '7'),
('1620', '102-1', '102', '7'),
('1621', '102-1', '102', '7'),
('1622', '102-1', '102', '7'),
('1623', '102-1', '102', '7'),
('1624', '102-1', '102', '7'),
('1625', '102-1', '102', '7'),
('1626', '102-1', '102', '7'),
('1627', '102-1', '102', '7'),
('1628', '102-1', '102', '7'),
('1629', '102-1', '102', '7'),
('1630', '102-1', '102', '7'),
('1631', '102-1', '102', '7'),
('1632', '102-1', '102', '7'),
('1633', '102-1', '102', '7'),
('1634', '102-1', '102', '7'),
('1635', '102-1', '102', '7'),
('1636', '102-1', '102', '7'),
('1637', '102-1', '102', '7'),
('1638', '102-1', '102', '7'),
('1639', '102-1', '102', '7'),
('1640', '102-1', '102', '7'),
('1641', '102-1', '102', '7'),
('1642', '102-1', '102', '7'),
('1643', '102-1', '102', '7'),
('1644', '102-1', '102', '7'),
('1645', '102-1', '102', '7'),
('1646', '102-1', '102', '7'),
('1647', '102-1', '102', '7'),
('1648', '102-1', '102', '7'),
('1649', '102-1', '102', '7'),
('1650', '102-1', '102', '7'),
('1651', '102-1', '102', '7'),
('1652', '102-1', '102', '7'),
('1653', '102-1', '102', '7'),
('1654', '102-1', '102', '7'),
('1655', '102-1', '102', '7'),
('1656', '102-1', '102', '7'),
('1657', '102-1', '102', '7'),
('1658', '102-1', '102', '7'),
('1659', '102-1', '102', '7'),
('1660', '102-1', '102', '7'),
('1661', '102-1', '102', '7'),
('1662', '102-1', '102', '7'),
('1663', '102-1', '102', '7'),
('1664', '102-1', '102', '7'),
('1665', '102-1', '102', '7'),
('1666', '102-1', '102', '7'),
('1667', '102-1', '102', '7'),
('1668', '102-1', '102', '7'),
('1669', '102-1', '102', '7'),
('1670', '102-1', '102', '7'),
('1671', '102-1', '102', '7'),
('1672', '102-1', '102', '7'),
('1673', '102-1', '102', '7'),
('1674', '102-1', '102', '7'),
('1675', '102-1', '102', '7'),
('1676', '102-1', '102', '7'),
('1677', '102-1', '102', '7'),
('1678', '102-1', '102', '7'),
('1679', '102-1', '102', '7'),
('1680', '102-1', '102', '7'),
('1681', '102-1', '102', '7'),
('1682', '102-1', '102', '7'),
('1683', '102-1', '102', '7'),
('1684', '102-1', '102', '7'),
('1685', '102-1', '102', '7'),
('1686', '102-1', '102', '7'),
('1687', '102-1', '102', '7'),
('1688', '102-1', '102', '7'),
('1689', '102-1', '102', '7'),
('1690', '102-1', '102', '7'),
('1691', '102-1', '102', '7'),
('1692', '102-1', '102', '7'),
('1693', '102-1', '102', '7'),
('1694', '102-1', '102', '7'),
('1695', '102-1', '102', '7'),
('1696', '102-1', '102', '7'),
('1697', '102-1', '102', '7'),
('1698', '102-1', '102', '7'),
('1699', '102-1', '102', '7'),
('1700', '102-1', '102', '7'),
('1701', '102-1', '102', '7'),
('1702', '102-1', '102', '7'),
('1703', '102-1', '102', '7'),
('1704', '102-1', '102', '7'),
('1705', '102-1', '102', '7'),
('1706', '102-1', '102', '7'),
('1707', '102-1', '102', '7'),
('1708', '102-1', '102', '7'),
('1709', '102-1', '102', '7'),
('1710', '102-1', '102', '7'),
('1711', '102-1', '102', '7'),
('1712', '102-1', '102', '7'),
('1713', '102-1', '102', '7'),
('1714', '102-1', '102', '7'),
('1715', '102-1', '102', '7'),
('1716', '102-1', '102', '7'),
('1717', '102-1', '102', '7'),
('1718', '102-1', '102', '7'),
('1719', '102-1', '102', '7'),
('1720', '102-1', '102', '7'),
('1721', '102-1', '102', '7'),
('1722', '102-1', '102', '7'),
('1723', '102-1', '102', '7'),
('1724', '102-1', '102', '7'),
('1725', '102-1', '102', '7'),
('1726', '102-1', '102', '7'),
('1727', '102-1', '102', '7'),
('1728', '102-1', '102', '7'),
('1729', '102-1', '102', '7'),
('1730', '102-1', '102', '7'),
('1732', '102-1', '102', '7'),
('1733', '102-1', '102', '7'),
('1734', '102-1', '102', '7'),
('1735', '102-1', '102', '7'),
('1736', '102-1', '102', '7'),
('1737', '102-1', '102', '7'),
('1738', '102-1', '102', '7'),
('1739', '102-1', '102', '7'),
('1741', '102-1', '102', '7'),
('1742', '102-1', '102', '7'),
('1742AA', '102-4', '102', '7'),
('1742AB', '102-19', '102', '7'),
('1742AC', '102-36', '102', '7'),
('1742AD', '102-48', '102', '7'),
('1742AE', '102-53', '102', '7'),
('1742AF', '102-67', '102', '7'),
('1742AG', '102-78', '102', '7'),
('1742AH', '102-79', '102', '7'),
('1742AI', '102-80', '102', '7'),
('1742AJ', '102-101', '102', '7'),
('1743', '102-1', '102', '7'),
('1745', '102-2', '102', '7'),
('1746', '102-2', '102', '7'),
('1747', '102-1', '102', '7'),
('1747AA', '102-3', '102', '7'),
('1747AB', '102-5', '102', '7'),
('1747AC', '102-9', '102', '7'),
('1747AD', '102-10', '102', '7'),
('1747AE', '102-16', '102', '7'),
('1747AF', '102-18', '102', '7'),
('1747AG', '102-21', '102', '7'),
('1747AH', '102-24', '102', '7'),
('1747AI', '102-26', '102', '7'),
('1747AJ', '102-28', '102', '7'),
('1747AK', '102-31', '102', '7'),
('1747AL', '102-38', '102', '7'),
('1747AM', '102-40', '102', '7'),
('1747AN', '102-41', '102', '7'),
('1747AO', '102-42', '102', '7'),
('1747AP', '102-43', '102', '7'),
('1747AQ', '102-44', '102', '7'),
('1747AR', '102-49', '102', '7'),
('1747AS', '102-50', '102', '7'),
('1747AT', '102-56', '102', '7'),
('1747AU', '102-59', '102', '7'),
('1747AV', '102-60', '102', '7'),
('1747AW', '102-61', '102', '7'),
('1747AX', '102-62', '102', '7'),
('1747AY', '102-63', '102', '7'),
('1747AZ', '103-64', '102', '7'),
('1747BA', '102-65', '102', '7'),
('1747BB', '102-66', '102', '7'),
('1747BC', '102-68', '102', '7'),
('1747BD', '102-69', '102', '7'),
('1747BE', '102-71', '102', '7'),
('1747BF', '102-72', '102', '7'),
('1747BG', '102-73', '102', '7'),
('1747BH', '102-74', '102', '7'),
('1747BI', '102-75', '102', '7'),
('1747BJ', '102-102', '102', '7'),
('1747BK', '102-103', '102', '7'),
('1747BL', '102-104', '102', '7'),
('1747BM', '102-106', '102', '7'),
('1747BN', '102-107', '102', '7'),
('1747BO', '102-108', '102', '7'),
('1747BP', '102-109', '102', '7'),
('1747BQ', '102-110', '102', '7'),
('1747BR', '102-111', '102', '7'),
('1747BS', '102-120', '102', '7'),
('1747BT', '102-121', '102', '7'),
('1747BU', '102-128', '102', '7'),
('1748', '102-1', '102', '7'),
('1748AA', '102-7', '102', '7'),
('1748AB', '102-12', '102', '7'),
('1748AC', '102-13', '102', '7'),
('1748AD', '102-14', '102', '7'),
('1748AE', '102-15', '102', '7'),
('1748AF', '102-20', '102', '7'),
('1748AG', '102-30', '102', '7'),
('1748AH', '102-34', '102', '7'),
('1748AI', '102-39', '102', '7'),
('1748AJ', '102-45', '102', '7'),
('1748AK', '102-47', '102', '7'),
('1748AL', '102-54', '102', '7'),
('1748AM', '102-70', '102', '7'),
('1748AN', '102-77', '102', '7'),
('1748AO', '102-88', '102', '7'),
('1748AP', '102-83', '102', '7'),
('1748AQ', '102-84', '102', '7'),
('1748AR', '102-85', '102', '7'),
('1748AS', '102-86', '102', '7'),
('1748AT', '102-87', '102', '7'),
('1748AU', '102-88', '102', '7'),
('1748AV', '102-89', '102', '7'),
('1748AW', '102-90', '102', '7'),
('1748AX', '102-91', '102', '7'),
('1748AY', '102-92', '102', '7'),
('1748AZ', '102-93', '102', '7'),
('1748BA', '102-94', '102', '7'),
('1748BB', '102-95', '102', '7'),
('1748BC', '102-97', '102', '7'),
('1748BD', '102-98', '102', '7'),
('1748BE', '102-99', '102', '7'),
('1748BF', '102-100', '102', '7'),
('1748BG', '102-112', '102', '7'),
('1748BH', '102-113', '102', '7'),
('1748BI', '102-114', '102', '7'),
('1748BJ', '102-115', '102', '7'),
('1748BK', '102-116', '102', '7'),
('1748BL', '102-117', '102', '7'),
('1748BM', '102-118', '102', '7'),
('1748BN', '102-119', '102', '7'),
('1748BO', '102-122', '102', '7'),
('1748BP', '102-123', '102', '7'),
('1748BQ', '102-124', '102', '7'),
('1748BR', '102-125', '102', '7'),
('1748BS', '102-127', '102', '7'),
('1749', '102-1', '102', '7'),
('1750', '102-1', '102', '7'),
('1751', '102-1', '102', '7'),
('1752', '102-1', '102', '7'),
('1753', '102-1', '102', '7'),
('1754', '102-1', '102', '7'),
('1930', '102-1', '102', '7'),
('1931', '102-1', '102', '7'),
('1932', '102-1', '102', '7'),
('1933', '102-1', '102', '7'),
('1934', '102-1', '102', '7'),
('1935', '102-1', '102', '7'),
('1936', '102-1', '102', '7'),
('1937', '102-1', '102', '7'),
('1938', '102-1', '102', '7'),
('1939', '102-1', '102', '7'),
('1940', '102-1', '102', '7'),
('1941', '102-1', '102', '7'),
('1942', '102-1', '102', '7'),
('1943', '102-1', '102', '7'),
('1944', '102-1', '102', '7'),
('1945', '102-1', '102', '7'),
('1946', '102-1', '102', '7'),
('1947', '102-1', '102', '7'),
('1948', '102-1', '102', '7'),
('1949', '102-1', '102', '7'),
('1950', '102-1', '102', '7'),
('1951', '102-1', '102', '7'),
('1952', '102-1', '102', '7'),
('1953', '102-1', '102', '7'),
('1954', '102-1', '102', '7'),
('1955', '102-1', '102', '7'),
('1956', '102-1', '102', '7'),
('1957', '102-1', '102', '7'),
('1958', '102-1', '102', '7'),
('1959', '102-1', '102', '7'),
('1960', '102-1', '102', '7'),
('1961', '102-1', '102', '7'),
('1962', '102-1', '102', '7'),
('1963', '102-1', '102', '7'),
('1964', '102-1', '102', '7'),
('1965', '102-1', '102', '7'),
('1966', '102-1', '102', '7'),
('1967', '102-1', '102', '7'),
('1968', '102-1', '102', '7'),
('1969', '102-1', '102', '7'),
('1970', '102-1', '102', '7'),
('1971', '102-1', '102', '7'),
('1972', '102-1', '102', '7'),
('1973', '102-1', '102', '7'),
('1974', '102-1', '102', '7'),
('1975', '102-1', '102', '7'),
('2012', '102-1', '102', '7'),
('2013', '102-1', '102', '7'),
('2014', '102-1', '102', '7'),
('2015', '102-1', '102', '7'),
('2016', '102-1', '102', '7'),
('2017', '102-1', '102', '7'),
('2018', '102-1', '102', '7'),
('2019', '102-1', '102', '7'),
('2020', '102-1', '102', '7'),
('2021', '102-1', '102', '7'),
('2022', '102-1', '102', '7'),
('2023', '102-1', '102', '7'),
('2024', '102-1', '102', '7'),
('2025', '102-1', '102', '7'),
('2026', '102-1', '102', '7'),
('2027', '102-1', '102', '7'),
('2028', '102-1', '102', '7'),
('2029', '102-1', '102', '7'),
('2030', '102-1', '102', '7'),
('2031', '102-1', '102', '7'),
('2032', '102-1', '102', '7'),
('2033', '102-1', '102', '7'),
('2034', '102-1', '102', '7'),
('2035', '102-1', '102', '7'),
('2036', '102-1', '102', '7'),
('2037', '102-1', '102', '7'),
('2038', '102-1', '102', '7'),
('2039', '102-1', '102', '7'),
('2040', '102-1', '102', '7'),
('2041', '102-1', '102', '7'),
('2042', '102-1', '102', '7'),
('2043', '102-1', '102', '7'),
('2044', '102-1', '102', '7'),
('2045', '102-1', '102', '7'),
('2046', '102-1', '102', '7'),
('2094', '77-68', '77', '7'),
('2095', '77-1', '77', '7'),
('2096', '77-1', '77', '7'),
('2097', '77-1', '77', '7'),
('2098', '77-1', '77', '7'),
('2116', '102-1', '102', '7'),
('2117', '102-1', '102', '7'),
('2118', '102-1', '102', '7'),
('2119', '102-1', '102', '7'),
('2131', '102-1', '102', '7'),
('2132', '102-1', '102', '7');

-- --------------------------------------------------------

--
-- Estructura de tabla para la tabla `simpatizantes`
--

DROP TABLE IF EXISTS `simpatizantes`;
CREATE TABLE IF NOT EXISTS `simpatizantes` (
  `cveElectoral` varchar(18) CHARACTER SET utf8 COLLATE utf8_spanish_ci NOT NULL,
  `curp` varchar(18) CHARACTER SET utf8 COLLATE utf8_spanish_ci DEFAULT NULL,
  `nombre` varchar(35) CHARACTER SET utf8 COLLATE utf8_spanish_ci DEFAULT NULL,
  `apaterno` varchar(35) CHARACTER SET utf8 COLLATE utf8_spanish_ci DEFAULT NULL,
  `amaterno` varchar(35) CHARACTER SET utf8 COLLATE utf8_spanish_ci DEFAULT NULL,
  `fecha_nac` varchar(12) CHARACTER SET utf8 COLLATE utf8_spanish_ci DEFAULT NULL,
  `sexo` varchar(1) CHARACTER SET utf8 COLLATE utf8_spanish_ci DEFAULT NULL,
  `domicilio` varchar(35) CHARACTER SET utf8 COLLATE utf8_spanish_ci DEFAULT NULL,
  `colonia` varchar(35) CHARACTER SET utf8 COLLATE utf8_spanish_ci DEFAULT NULL,
  `localidad` varchar(35) CHARACTER SET utf8 COLLATE utf8_spanish_ci DEFAULT NULL,
  `municipio` varchar(35) CHARACTER SET utf8 COLLATE utf8_spanish_ci DEFAULT NULL,
  `estado` varchar(35) CHARACTER SET utf8 COLLATE utf8_spanish_ci DEFAULT NULL,
  `numtelefono` varchar(10) CHARACTER SET utf8 COLLATE utf8_spanish_ci DEFAULT NULL,
  `facebook` varchar(35) CHARACTER SET utf8 COLLATE utf8_spanish_ci DEFAULT NULL,
  `instagram` varchar(35) CHARACTER SET utf8 COLLATE utf8_spanish_ci DEFAULT NULL,
  `otrared` varchar(35) CHARACTER SET utf8 COLLATE utf8_spanish_ci DEFAULT NULL,
  `fecha_sistema` varchar(35) CHARACTER SET utf8 COLLATE utf8_spanish_ci DEFAULT NULL,
  `userName` varchar(35) CHARACTER SET utf8 COLLATE utf8_spanish_ci DEFAULT NULL,
  `idcliente` varchar(4) CHARACTER SET utf8 COLLATE utf8_spanish_ci DEFAULT NULL,
  `cvesec` varchar(4) CHARACTER SET utf8 COLLATE utf8_spanish_ci DEFAULT NULL,
  PRIMARY KEY (`cveElectoral`),
  KEY `bdafiliaccion_idcliente_simpatizantes` (`idcliente`),
  KEY `bdafiliaccion_userName_simpatizantes` (`userName`),
  KEY `bdafiliaccion_cvesec_simpatizantes` (`cvesec`)
) ENGINE=InnoDB DEFAULT CHARSET=utf8mb3 COLLATE=utf8_spanish_ci;

--
-- Volcado de datos para la tabla `simpatizantes`
--

INSERT INTO `simpatizantes` (`cveElectoral`, `curp`, `nombre`, `apaterno`, `amaterno`, `fecha_nac`, `sexo`, `domicilio`, `colonia`, `localidad`, `municipio`, `estado`, `numtelefono`, `facebook`, `instagram`, `otrared`, `userName`, `idcliente`, `cvesec`) VALUES
('ASYUBHJVPPJJQQLLNU', 'QHYEBUAHEBIELQPHEB', 'ARMANDO', 'FERNANDEZ ', 'LOPEZ ', '2019-11-2000', 'H', 'FRACC. LOMA REAL', 'ALBANIA', 'ADELITA', '102Tuxtla Gutiérrez', '7Chiapas', '7287380178', 'Ninguna ', 'Ninguno', 'Ninguno ', '2022-12-15 18:37:11', 'montserrat.ramos@afiliaccion.net', '', '1602'),
('BBBBBBB', 'BBBBBBBBBBBBBBBBBB', 'aaaaaa', 'aaaa', 'aaaaa', '2023-01-01', 'm', 'bbb', 'bbb', '2', '77Chiapas', '1Chiapas', '9612464778', '', '', '', '2023-02-04 10:56:35', NULL, NULL, '1113'),
('CFCCCCCC', 'cccccccccccccccccc', 'ccccccccc', 'ccc', 'ccc', '2023-01-18', 'm', 'cccc', 'cccc', '2', '77Chiapas', '1Chiapas', '9612464778', '', '', '', '2023-02-04 11:00:43', NULL, NULL, '1114'),
('CRGMLS01050307H20', 'CUGL010503HCSRMSA2', 'Luis Daniel', 'Cruz', 'Gomez', '2001-05-03', 'm', 'Primavera', 'Los Laguitos', '1', '77Chiapas', '1Chiapas', '9612464778', 'Luis Cruz', 'Luis.Cruz', 'S/C', '2023-02-03 20:01:28', NULL, NULL, '1113'),
('FFFFFFFF', 'FFFFFFFFFFFFFFFFFF', 'aaaaa', 'aaa', 'fffff', '2023-01-01', 'm', 'aaaa', 'aaaa', '2', '77Chiapas', '1Chiapas', '9612464778', 'aaa', 'aaa', 'aaa', '2023-02-03 20:12:36', NULL, NULL, '1114'),
('GGGGGGG', 'gggggggggggggggggg', 'gggg', 'gggg', 'ggg', '2023-01-01', 'm', 'ggg', 'ggg', '1', '77Chiapas', '1Chiapas', '9612464778', 'ggg', 'gg', '', '2023-02-03 20:14:23', NULL, NULL, '1113'),
('gggggggggggggggggg', 'GGgggggggggggggggg', 'gggggg', 'ggg', 'ggg', '2023-01-01', 'm', 'ggg', 'ggg', '1', '77Chiapas', '1Chiapas', '9612464778', '', '', '', '2023-02-05 13:02:55', '', NULL, '1113'),
('GTRNJR78112007H902', 'GURJ781120HCSTNR07', 'JORGE DAVID', 'GUTIERREZ ', 'RENDON', '12/11/1978', 'H', 'C GUERRERO MZ 4 LT 21', 'COL NUEVO MILENIO', 'TUXTLA GUTIERREZ', '102-TUXTLA GUTIERREZ', '7-CHIAPAS', '9615809929', 'SIN CUENTA', 'SIN CUENTA', 'SIN CUENTA', '25/10/22 8:55', 'hector.nuricumbo@afiliaccion.net', '', '1734'),
('LLLLLLLLLLLLLLLLLL', 'LLLLLLLLLLLLLLLLLL', 'lll', 'lll', 'lll', '2023-01-01', 'm', 'lll', 'lll', '12', '77Chiapas', '1Chiapas', '9612464778', '', '', '', '2023-02-04 13:32:18', 'yurandir.garcia@afiliaccion.net', NULL, '1113'),
('MLRSAR350220507H90', 'MORA350220HCSLSR08', 'ARMANDO', 'MOLINA', 'DE LA ROSA', '20/02/1935', 'H', 'AV CHURUBUSCO 20', 'COL EVOLUCION', 'TUXTLA GUTIERREZ', '102-TUXTLA GUTIERREZ', '7-CHIAPAS', '9612798461', 'SIN CUENTA', 'SIN CUENTA', 'SIN CUENTA', '25/10/22 8:57', 'hector.nuricumbo@afiliaccion.net', '', '1734'),
('MMMMMMMMMM', 'MMMMMMMMMMMMMMMMMM', 'mmmmmmmmmmmmmmmmm', 'mm', 'mm', '2023-01-01', 'm', 'mm', 'mm', '2', '77Chiapas', '1Chiapas', '9612464778', '', '', '', '2023-02-04 12:05:02', NULL, NULL, '1113'),
('MNNTMR88061507M100', 'MANM880615MCSNTR02', 'MARIA', 'MANUEL', 'NATAREN', '15/06/1988', 'M', 'C SIN NOMBRE S/N', 'RIA HUIZACHAL', 'TUXTLA GUTIERREZ', '102-TUXTLA GUTIERREZ', '7-CHIAPAS', '9612050440', 'SIN CUENTA', 'SIN CUENTA', 'SIN CUENTA', '25/10/22 8:56', 'jesus.herrera@afilaccion.net', '', '1734'),
('NNNNN', 'NNNNNNNNNNNNNNNNNN', 'nnn', 'n', 'nn', '2023-01-01', 'm', 'n', 'nnnnnn', '1', '77Chiapas', '1Chiapas', '9612464778', '', '', '', '2023-02-04 11:55:14', NULL, NULL, '1113'),
('NTOVAR70081107M400', 'NAOA700811MCSTVR05', 'ARACELI', 'NATAREN', 'OVANDO', '11/08/1970', 'M', 'C JUAN JOSE CALZADA 13', 'BARR NUEVO', 'TUXTLA GUTIERREZ', '102-TUXTLA GUTIERREZ', '7-CHIAPAS', '9611348541', 'SIN CUENTA', 'SIN CUENTA', 'SIN CUENTA', '25/10/22 8:56', 'abel.perez@afiliaccion.net', '', '1734'),
('NZGTNR870907M300', 'NUGN870907MCSXTR05', 'NORMA ISELA', 'NUNEZ', 'GUTIERREZ ', '07/09/1987', 'M', 'C CEDRO MZA 15 LT5', 'COL BUROCRATICA', 'TUXTLA GUTIERREZ', '102-TUXTLA GUTIERREZ', '7-CHIAPAS', '9615803898', 'SIN CUENTA', 'SIN CUENTA', 'SIN CUENTA', '25/10/22 9:00', 'hector.nuricumbo@afiliaccion.net', '', '1734'),
('PPPPPPPP', 'PPPPPPPPPPPPPPPPPP', 'ppp', 'ppp', 'ppp', '2023-01-01', 'm', 'ppp', 'ppp', '1', '77Chiapas', '1Chiapas', '9612464778', '', '', '', '2023-02-04 11:58:37', NULL, NULL, '1113'),
('RDSNJL72052907H100', 'ROSJ720529HCSDNL08', 'JULIAN', 'RODRIGUEZ', 'SANCHEZ', '29/05/1972', 'H', 'AV ALDAMA 17', 'BARR NICATAN ', 'TUXTLA GUTIERREZ', '102-TUXTLA GUTIERREZ', '7-CHIAPAS', '9611987465', 'SIN CUENTA', 'SIN CUENTA', 'SIN CUENTA', '25/10/22 9:06', 'abel.perez@afiliaccion.net', '', '1734'),
('RRRRRRRRR', 'RRRRRRRRRRRRRRRRRR', 'rr', 'rrr', 'rrr', '2023-01-01', 'm', 'rrrr', 'rrrr', '1', '77Chiapas', '1Chiapas', '9612464778', '', '', '', '2023-02-04 11:05:14', NULL, NULL, '1113'),
('SSSSSSSSSSSSSSSSSS', 'SSSSSSSSSSSSSSSSSS', 'SSS', 'SSS', 'SSSSS', '2023-01-01', 'm', 'SSS', 'SSS', '16', '77Chiapas', '1Chiapas', '9612464778', '', '', '', '2023-02-04 13:05:32', NULL, NULL, '1113'),
('T13458092512345678', 'CALS0MP7AWÑBDPQL3', 'SONIA ISABEL ', 'CAMILO', 'LOPEZ', '2003-01-16', 'M', '2 AV NORTE PT. SUR SN', 'LA CANDELARIA ', 'BUENOS AIRES', '102Tuxtla Gutiérrez', '7Chiapas', '9921243498', 'Isabel camilo', 'Miss Isabel ', 'Ninguna ', '2022-12-20 19:50:10', 'Yes', '', '1604'),
('VLGRED73111907H300', 'VEGE731119HCSLRD09', 'EDGARDO', 'VELAZQUEZ', 'GARCIA', '19/11/1931', 'H', 'EL CONGRESO SN', 'RIA EL CONGRESO', 'TUXTLA GUTIERREZ', '102-TUXTLA GUTIERREZ', '7-CHIAPAS', '9611697346', 'SIN CUENTA', 'SIN CUENTA', 'SIN CUENTA', '25/10/22 9:11', 'hector.nuricumbo@afiliaccion.net', '', '1734'),
('VVVVV', 'vvvvvvvvvvvvvvvvvv', 'vvvv', 'vvvvvv', 'vvvvvvvvvv', '2023-01-01', 'm', 'vvvv', 'vvvvvv', '1', '77Chiapas', '1Chiapas', '9612464778', 'vvvv', '', 'vvvvvv', '2023-02-03 20:18:22', NULL, NULL, '1113'),
('WWWWWWWWWWWWWWWWWW', 'WWWWWWWWWWWWWWWWWW', 'www', 'www', 'www', '2023-01-01', 'm', 'www', 'wwwww', '1', '77Chiapas', '1Chiapas', '961246477', '', '', '', '2023-02-04 11:57:34', NULL, NULL, '1113'),
('XCCXCXCXC', 'XCXCXCXCXC', 'xcxcxc', 'cxcxcx', 'xcxcx', '2023-01-01', 'm', 'xccc', 'xccxxc', '1', '77Chiapas', '1Chiapas', '9612464778', '', '', '', '2023-02-04 12:00:53', NULL, NULL, '1113'),
('XXXXXXXXXXXXXXXXXX', 'XXXXXX', 'x', 'x', 'x', '2023-01-01', 'm', 'xx', 'xxxx', '1', '77Chiapas', '1Chiapas', '9612464778', '', '', '', '2023-02-04 11:56:46', NULL, NULL, '1113'),
('ZZZZZZZZZZZZZZZZZZ', 'ZZZZZZZZZZZZZZZZZZ', 'ZZ', 'ZZZ', 'ZZZ', '2023-01-01', 'm', 'ZZZ', 'ZZZ', '1', '77Chiapas', '1Chiapas', '9612464778', '', '', '', '2023-02-04 13:06:48', NULL, NULL, '1113');

--
-- Restricciones para tablas volcadas
--

--
-- Filtros para la tabla `simpatizantes`
--
ALTER TABLE `simpatizantes`
  ADD CONSTRAINT `bdafiliaccion_cvesec_simpatizantes` FOREIGN KEY (`cvesec`) REFERENCES `seccion` (`cvesec`);
COMMIT;

/*!40101 SET CHARACTER_SET_CLIENT=@OLD_CHARACTER_SET_CLIENT */;
/*!40101 SET CHARACTER_SET_RESULTS=@OLD_CHARACTER_SET_RESULTS */;
/*!40101 SET COLLATION_CONNECTION=@OLD_COLLATION_CONNECTION */;
