-- phpMyAdmin SQL Dump
-- version 5.1.1
-- https://www.phpmyadmin.net/
--
-- Servidor: 127.0.0.1:3306
-- Tiempo de generación: 21-02-2023 a las 03:43:01
-- Versión del servidor: 8.0.27
-- Versión de PHP: 8.0.13

SET SQL_MODE = "NO_AUTO_VALUE_ON_ZERO";
START TRANSACTION;
SET time_zone = "+00:00";


/*!40101 SET @OLD_CHARACTER_SET_CLIENT=@@CHARACTER_SET_CLIENT */;
/*!40101 SET @OLD_CHARACTER_SET_RESULTS=@@CHARACTER_SET_RESULTS */;
/*!40101 SET @OLD_COLLATION_CONNECTION=@@COLLATION_CONNECTION */;
/*!40101 SET NAMES utf8mb4 */;

--
-- Base de datos: `bdafiliaccion`
--
CREATE DATABASE IF NOT EXISTS `bdafiliaccion` DEFAULT CHARACTER SET utf8 COLLATE utf8_spanish_ci;
USE `bdafiliaccion`;

-- --------------------------------------------------------

--
-- Estructura de tabla para la tabla `catalogoclientes`
--


--
-- Volcado de datos para la tabla `catalogoclientes`
--

INSERT INTO `catalogoclientes` (`idcliente`, `candidato`, `coordinador`, `responsable_ti`, `createdAt`, `updatedAt`) VALUES
('P001', 'UNO', 'UNO', 'UNO', '0000-00-00 00:00:00', '0000-00-00 00:00:00'),
('P002', 'DOS', 'DOS', 'DOS', '0000-00-00 00:00:00', '0000-00-00 00:00:00'),
('P003', 'TRES', 'TRES', 'TRES', '0000-00-00 00:00:00', '0000-00-00 00:00:00');

-- --------------------------------------------------------

--
-- Estructura de tabla para la tabla `login`
--


--
-- Volcado de datos para la tabla `login`
--

INSERT INTO `login` (`userName`, `nombrelider`, `apaternolider`, `amaternolider`, `direcclider`, `telefonolider`, `pass`, `idcliente`, `createdAt`, `updatedAt`) VALUES
('abel.perez@afiliaccion.net', 'ABEL', 'PEREZ', 'HERNANDEZ', 'NIÑO DE ATOCHA NUEVO', '9613327297', '0982', 'P002', '0000-00-00 00:00:00', '0000-00-00 00:00:00'),
('alberto.vazquez@afiliaccion.net', 'ALBERTO', 'VAZQUEZ', 'MIRANDA', 'CANTERAS', '9612140519', '1316', 'P001', '0000-00-00 00:00:00', '0000-00-00 00:00:00'),
('edgar.gomez@afiliaccion.net', 'EDGAR DE JESUS', 'GOMEZ', 'COTA', 'CONOCIDA', '9611111112', '3456', 'P001', '0000-00-00 00:00:00', '0000-00-00 00:00:00'),
('erick.diaz@afiliaccion.net', 'ERICK ARTURO', 'DIAZ', 'HERNANDEZ', 'SUCHIAPA', '9613304787', '1102', 'P001', '0000-00-00 00:00:00', '0000-00-00 00:00:00'),
('hector.nuricumbo@afiliaccion.net', 'HECTOR ROBERTO', 'NURICUMBO', 'CASTRO', 'BONAMPAK', '9611572601', '1234', 'P003', '0000-00-00 00:00:00', '0000-00-00 00:00:00'),
('jesus.herrera@afiliaccion.net', 'JESUS', 'HERRERA', 'CRUZ', 'SANDINO', '9671941731', '2468', 'P002', '0000-00-00 00:00:00', '0000-00-00 00:00:00'),
('luis.cruz@afiliaccion.net', 'Luis Daniel', 'Cruz', 'Gomez', '', '', '$2b$10$WSOgpu/A2thCeQi.P3txQOhCazBK/QzaYVVEXlmM862SWoFdh4NuC', 'P001', '2023-02-05 20:51:58', '2023-02-05 20:51:58'),
('mauricio.ocampo@afliaccion.net', 'MAURICIO', 'OCAMPO', 'LOPEZ', 'SHANKA', '9614292274', '1101', 'P001', '0000-00-00 00:00:00', '0000-00-00 00:00:00'),
('montserrat.ramos@afiliaccion.net', 'MONTSERRAT VIRIDIANA', 'RAMOS', 'LOPEZ', 'CONOCIDA', '9611111111', '2345', 'P003', '0000-00-00 00:00:00', '0000-00-00 00:00:00'),
('yurandir.garcia@afiliaccion.net', 'YURANDIR', 'GARCIA', 'MORALES', 'CONOCIDA', '9611111113', '4567', 'P002', '0000-00-00 00:00:00', '0000-00-00 00:00:00');

-- --------------------------------------------------------

--
-- Estructura de tabla para la tabla `seccion`
--


--
-- Volcado de datos para la tabla `seccion`
--

INSERT INTO `seccion` (`cvesec`, `localidad`, `municipio`, `estado`, `createdAt`, `updatedAt`) VALUES
('1113', '77-1', '77', '7', '0000-00-00 00:00:00', '0000-00-00 00:00:00'),
('1114', '77-1', '77', '7', '0000-00-00 00:00:00', '0000-00-00 00:00:00'),
('1116', '77-1', '77', '7', '0000-00-00 00:00:00', '0000-00-00 00:00:00'),
('1117', '77-1', '77', '7', '0000-00-00 00:00:00', '0000-00-00 00:00:00'),
('1118', '77-1', '77', '7', '0000-00-00 00:00:00', '0000-00-00 00:00:00'),
('1119', '77-1', '77', '7', '0000-00-00 00:00:00', '0000-00-00 00:00:00'),
('1120', '77-1', '77', '7', '0000-00-00 00:00:00', '0000-00-00 00:00:00'),
('1121', '77-1', '77', '7', '0000-00-00 00:00:00', '0000-00-00 00:00:00'),
('1122', '77-1', '77', '7', '0000-00-00 00:00:00', '0000-00-00 00:00:00'),
('1123', '77-1', '77', '7', '0000-00-00 00:00:00', '0000-00-00 00:00:00'),
('1124', '77-1', '77', '7', '0000-00-00 00:00:00', '0000-00-00 00:00:00'),
('1125', '77-1', '77', '7', '0000-00-00 00:00:00', '0000-00-00 00:00:00'),
('1126', '77-1', '77', '7', '0000-00-00 00:00:00', '0000-00-00 00:00:00'),
('1127', '77-1', '77', '7', '0000-00-00 00:00:00', '0000-00-00 00:00:00'),
('1129', '77-1', '77', '7', '0000-00-00 00:00:00', '0000-00-00 00:00:00'),
('1130', '77-1', '77', '7', '0000-00-00 00:00:00', '0000-00-00 00:00:00'),
('1130AA', '77-92', '77', '7', '0000-00-00 00:00:00', '0000-00-00 00:00:00'),
('1131', '77-1', '77', '7', '0000-00-00 00:00:00', '0000-00-00 00:00:00'),
('1132', '77-1', '77', '7', '0000-00-00 00:00:00', '0000-00-00 00:00:00'),
('1133', '77-1', '77', '7', '0000-00-00 00:00:00', '0000-00-00 00:00:00'),
('1134', '77-1', '77', '7', '0000-00-00 00:00:00', '0000-00-00 00:00:00'),
('1135', '77-1', '77', '7', '0000-00-00 00:00:00', '0000-00-00 00:00:00'),
('1136', '77-1', '77', '7', '0000-00-00 00:00:00', '0000-00-00 00:00:00'),
('1137', '77-1', '77', '7', '0000-00-00 00:00:00', '0000-00-00 00:00:00'),
('1138', '77-1', '77', '7', '0000-00-00 00:00:00', '0000-00-00 00:00:00'),
('1139', '77-1', '77', '7', '0000-00-00 00:00:00', '0000-00-00 00:00:00'),
('1140', '77-1', '77', '7', '0000-00-00 00:00:00', '0000-00-00 00:00:00'),
('1141', '77-1', '77', '7', '0000-00-00 00:00:00', '0000-00-00 00:00:00'),
('1142', '77-1', '77', '7', '0000-00-00 00:00:00', '0000-00-00 00:00:00'),
('1143', '77-1', '77', '7', '0000-00-00 00:00:00', '0000-00-00 00:00:00'),
('1144', '77-1', '77', '7', '0000-00-00 00:00:00', '0000-00-00 00:00:00'),
('1145', '77-1', '77', '7', '0000-00-00 00:00:00', '0000-00-00 00:00:00'),
('1146', '77-1', '77', '7', '0000-00-00 00:00:00', '0000-00-00 00:00:00'),
('1147', '77-1', '77', '7', '0000-00-00 00:00:00', '0000-00-00 00:00:00'),
('1148', '77-1', '77', '7', '0000-00-00 00:00:00', '0000-00-00 00:00:00'),
('1149', '77-1', '77', '7', '0000-00-00 00:00:00', '0000-00-00 00:00:00'),
('1150', '77-1', '77', '7', '0000-00-00 00:00:00', '0000-00-00 00:00:00'),
('1151', '77-1', '77', '7', '0000-00-00 00:00:00', '0000-00-00 00:00:00'),
('1152', '77-48', '77', '7', '0000-00-00 00:00:00', '0000-00-00 00:00:00'),
('1152AA', '77-49', '77', '7', '0000-00-00 00:00:00', '0000-00-00 00:00:00'),
('1152AB', '77-82', '77', '7', '0000-00-00 00:00:00', '0000-00-00 00:00:00'),
('1152AC', '77-90', '77', '7', '0000-00-00 00:00:00', '0000-00-00 00:00:00'),
('1152AD', '77-101', '77', '7', '0000-00-00 00:00:00', '0000-00-00 00:00:00'),
('1152AE', '77-113', '77', '7', '0000-00-00 00:00:00', '0000-00-00 00:00:00'),
('1152AF', '77-120', '77', '7', '0000-00-00 00:00:00', '0000-00-00 00:00:00'),
('1153', '77-13', '77', '7', '0000-00-00 00:00:00', '0000-00-00 00:00:00'),
('1153AA', '77-28', '77', '7', '0000-00-00 00:00:00', '0000-00-00 00:00:00'),
('1153AB', '77-40', '77', '7', '0000-00-00 00:00:00', '0000-00-00 00:00:00'),
('1153AC', '77-81', '77', '7', '0000-00-00 00:00:00', '0000-00-00 00:00:00'),
('1153AD', '77-83', '77', '7', '0000-00-00 00:00:00', '0000-00-00 00:00:00'),
('1153AE', '77-107', '77', '7', '0000-00-00 00:00:00', '0000-00-00 00:00:00'),
('1153AF', '77-112', '77', '7', '0000-00-00 00:00:00', '0000-00-00 00:00:00'),
('1153AG', '77-127', '77', '7', '0000-00-00 00:00:00', '0000-00-00 00:00:00'),
('1154', '77-10', '77', '7', '0000-00-00 00:00:00', '0000-00-00 00:00:00'),
('1154AA', '77-117', '77', '7', '0000-00-00 00:00:00', '0000-00-00 00:00:00'),
('1155', '77-14', '77', '7', '0000-00-00 00:00:00', '0000-00-00 00:00:00'),
('1155AA', '77-25', '77', '7', '0000-00-00 00:00:00', '0000-00-00 00:00:00'),
('1155AB', '77-38', '77', '7', '0000-00-00 00:00:00', '0000-00-00 00:00:00'),
('1155AC', '77-43', '77', '7', '0000-00-00 00:00:00', '0000-00-00 00:00:00'),
('1155AD', '77-66', '77', '7', '0000-00-00 00:00:00', '0000-00-00 00:00:00'),
('1155AE', '77-98', '77', '7', '0000-00-00 00:00:00', '0000-00-00 00:00:00'),
('1155AF', '77-114', '77', '7', '0000-00-00 00:00:00', '0000-00-00 00:00:00'),
('1155AG', '77-116', '77', '7', '0000-00-00 00:00:00', '0000-00-00 00:00:00'),
('1156', '77-5', '77', '7', '0000-00-00 00:00:00', '0000-00-00 00:00:00'),
('1156AA', '77-11', '77', '7', '0000-00-00 00:00:00', '0000-00-00 00:00:00'),
('1156AB', '77-35', '77', '7', '0000-00-00 00:00:00', '0000-00-00 00:00:00'),
('1156AC', '77-97', '77', '7', '0000-00-00 00:00:00', '0000-00-00 00:00:00'),
('1156AD', '77-103', '77', '7', '0000-00-00 00:00:00', '0000-00-00 00:00:00'),
('1156AE', '77-106', '77', '7', '0000-00-00 00:00:00', '0000-00-00 00:00:00'),
('1157', '77-12', '77', '7', '0000-00-00 00:00:00', '0000-00-00 00:00:00'),
('1157AA', '77-15', '77', '7', '0000-00-00 00:00:00', '0000-00-00 00:00:00'),
('1157AB', '77-16', '77', '7', '0000-00-00 00:00:00', '0000-00-00 00:00:00'),
('1157AC', '77-19', '77', '7', '0000-00-00 00:00:00', '0000-00-00 00:00:00'),
('1157AD', '77-51', '77', '7', '0000-00-00 00:00:00', '0000-00-00 00:00:00'),
('1157AE', '77-52', '77', '7', '0000-00-00 00:00:00', '0000-00-00 00:00:00'),
('1157AF', '77-54', '77', '7', '0000-00-00 00:00:00', '0000-00-00 00:00:00'),
('1157AG', '77-67', '77', '7', '0000-00-00 00:00:00', '0000-00-00 00:00:00'),
('1157AH', '77-71', '77', '7', '0000-00-00 00:00:00', '0000-00-00 00:00:00'),
('1157AI', '77-77', '77', '7', '0000-00-00 00:00:00', '0000-00-00 00:00:00'),
('1157AJ', '77-100', '77', '7', '0000-00-00 00:00:00', '0000-00-00 00:00:00'),
('1157AK', '77-104', '77', '7', '0000-00-00 00:00:00', '0000-00-00 00:00:00'),
('1157AL', '77-110', '77', '7', '0000-00-00 00:00:00', '0000-00-00 00:00:00'),
('1157AM', '77-118', '77', '7', '0000-00-00 00:00:00', '0000-00-00 00:00:00'),
('1157AN', '77-121', '77', '7', '0000-00-00 00:00:00', '0000-00-00 00:00:00'),
('1158', '77-2', '77', '7', '0000-00-00 00:00:00', '0000-00-00 00:00:00'),
('1158AA', '77-37', '77', '7', '0000-00-00 00:00:00', '0000-00-00 00:00:00'),
('1158AB', '77-39', '77', '7', '0000-00-00 00:00:00', '0000-00-00 00:00:00'),
('1158AC', '77-53', '77', '7', '0000-00-00 00:00:00', '0000-00-00 00:00:00'),
('1158AD', '77-56', '77', '7', '0000-00-00 00:00:00', '0000-00-00 00:00:00'),
('1158AE', '77-62', '77', '7', '0000-00-00 00:00:00', '0000-00-00 00:00:00'),
('1158AF', '77-85', '77', '7', '0000-00-00 00:00:00', '0000-00-00 00:00:00'),
('1158AG', '77-94', '77', '7', '0000-00-00 00:00:00', '0000-00-00 00:00:00'),
('1158AH', '77-99', '77', '7', '0000-00-00 00:00:00', '0000-00-00 00:00:00'),
('1158AI', '77-108', '77', '7', '0000-00-00 00:00:00', '0000-00-00 00:00:00'),
('1158AJ', '77-109', '77', '7', '0000-00-00 00:00:00', '0000-00-00 00:00:00'),
('1158AK', '77-119', '77', '7', '0000-00-00 00:00:00', '0000-00-00 00:00:00'),
('1158AL', '77-123', '77', '7', '0000-00-00 00:00:00', '0000-00-00 00:00:00'),
('1158AM', '77-124', '77', '7', '0000-00-00 00:00:00', '0000-00-00 00:00:00'),
('1158AN', '77-126', '77', '7', '0000-00-00 00:00:00', '0000-00-00 00:00:00'),
('1159', '77-4', '77', '7', '0000-00-00 00:00:00', '0000-00-00 00:00:00'),
('1159AA', '77-6', '77', '7', '0000-00-00 00:00:00', '0000-00-00 00:00:00'),
('1159AB', '77-23', '77', '7', '0000-00-00 00:00:00', '0000-00-00 00:00:00'),
('1159AC', '77-26', '77', '7', '0000-00-00 00:00:00', '0000-00-00 00:00:00'),
('1159AD', '77-27', '77', '7', '0000-00-00 00:00:00', '0000-00-00 00:00:00'),
('1159AE', '77-63', '77', '7', '0000-00-00 00:00:00', '0000-00-00 00:00:00'),
('1159AF', '77-65', '77', '7', '0000-00-00 00:00:00', '0000-00-00 00:00:00'),
('1159AG', '77-70', '77', '7', '0000-00-00 00:00:00', '0000-00-00 00:00:00'),
('1159AH', '77-72', '77', '7', '0000-00-00 00:00:00', '0000-00-00 00:00:00'),
('1159AI', '77-78', '77', '7', '0000-00-00 00:00:00', '0000-00-00 00:00:00'),
('1159AJ', '77-93', '77', '7', '0000-00-00 00:00:00', '0000-00-00 00:00:00'),
('1159AK', '77-111', '77', '7', '0000-00-00 00:00:00', '0000-00-00 00:00:00'),
('1159AL', '77-122', '77', '7', '0000-00-00 00:00:00', '0000-00-00 00:00:00'),
('1159AM', '77-125', '77', '7', '0000-00-00 00:00:00', '0000-00-00 00:00:00'),
('1159AN', '77-126', '77', '7', '0000-00-00 00:00:00', '0000-00-00 00:00:00'),
('1160', '77-17', '77', '7', '0000-00-00 00:00:00', '0000-00-00 00:00:00'),
('1160AA', '77-46', '77', '7', '0000-00-00 00:00:00', '0000-00-00 00:00:00'),
('1160AB', '77-59', '77', '7', '0000-00-00 00:00:00', '0000-00-00 00:00:00'),
('1160AC', '77-80', '77', '7', '0000-00-00 00:00:00', '0000-00-00 00:00:00'),
('1160AD', '77-87', '77', '7', '0000-00-00 00:00:00', '0000-00-00 00:00:00'),
('1160AE', '77-89', '77', '7', '0000-00-00 00:00:00', '0000-00-00 00:00:00'),
('1160AF', '77-91', '77', '7', '0000-00-00 00:00:00', '0000-00-00 00:00:00'),
('1160AG', '77-105', '77', '7', '0000-00-00 00:00:00', '0000-00-00 00:00:00'),
('1161', '77-18', '77', '7', '0000-00-00 00:00:00', '0000-00-00 00:00:00'),
('1161AA', '77-44', '77', '7', '0000-00-00 00:00:00', '0000-00-00 00:00:00'),
('1162', '77-8', '77', '7', '0000-00-00 00:00:00', '0000-00-00 00:00:00'),
('1162AA', '77-33', '77', '7', '0000-00-00 00:00:00', '0000-00-00 00:00:00'),
('1163', '77-32', '77', '7', '0000-00-00 00:00:00', '0000-00-00 00:00:00'),
('1163AA', '77-74', '77', '7', '0000-00-00 00:00:00', '0000-00-00 00:00:00'),
('1163AB', '77-75', '77', '7', '0000-00-00 00:00:00', '0000-00-00 00:00:00'),
('1510', '97', '97', '7', '0000-00-00 00:00:00', '0000-00-00 00:00:00'),
('1602', '102-1', '102', '7', '0000-00-00 00:00:00', '0000-00-00 00:00:00'),
('1603', '102-1', '102', '7', '0000-00-00 00:00:00', '0000-00-00 00:00:00'),
('1604', '102-1', '102', '7', '0000-00-00 00:00:00', '0000-00-00 00:00:00'),
('1605', '102-1', '102', '7', '0000-00-00 00:00:00', '0000-00-00 00:00:00'),
('1607', '102-1', '102', '7', '0000-00-00 00:00:00', '0000-00-00 00:00:00'),
('1608', '102-1', '102', '7', '0000-00-00 00:00:00', '0000-00-00 00:00:00'),
('1609', '102-1', '102', '7', '0000-00-00 00:00:00', '0000-00-00 00:00:00'),
('1610', '102-1', '102', '7', '0000-00-00 00:00:00', '0000-00-00 00:00:00'),
('1611', '102-1', '102', '7', '0000-00-00 00:00:00', '0000-00-00 00:00:00'),
('1612', '102-1', '102', '7', '0000-00-00 00:00:00', '0000-00-00 00:00:00'),
('1613', '102-1', '102', '7', '0000-00-00 00:00:00', '0000-00-00 00:00:00'),
('1614', '102-1', '102', '7', '0000-00-00 00:00:00', '0000-00-00 00:00:00'),
('1615', '102-1', '102', '7', '0000-00-00 00:00:00', '0000-00-00 00:00:00'),
('1616', '102-1', '102', '7', '0000-00-00 00:00:00', '0000-00-00 00:00:00'),
('1617', '102-1', '102', '7', '0000-00-00 00:00:00', '0000-00-00 00:00:00'),
('1618', '102-1', '102', '7', '0000-00-00 00:00:00', '0000-00-00 00:00:00'),
('1619', '102-1', '102', '7', '0000-00-00 00:00:00', '0000-00-00 00:00:00'),
('1620', '102-1', '102', '7', '0000-00-00 00:00:00', '0000-00-00 00:00:00'),
('1621', '102-1', '102', '7', '0000-00-00 00:00:00', '0000-00-00 00:00:00'),
('1622', '102-1', '102', '7', '0000-00-00 00:00:00', '0000-00-00 00:00:00'),
('1623', '102-1', '102', '7', '0000-00-00 00:00:00', '0000-00-00 00:00:00'),
('1624', '102-1', '102', '7', '0000-00-00 00:00:00', '0000-00-00 00:00:00'),
('1625', '102-1', '102', '7', '0000-00-00 00:00:00', '0000-00-00 00:00:00'),
('1626', '102-1', '102', '7', '0000-00-00 00:00:00', '0000-00-00 00:00:00'),
('1627', '102-1', '102', '7', '0000-00-00 00:00:00', '0000-00-00 00:00:00'),
('1628', '102-1', '102', '7', '0000-00-00 00:00:00', '0000-00-00 00:00:00'),
('1629', '102-1', '102', '7', '0000-00-00 00:00:00', '0000-00-00 00:00:00'),
('1630', '102-1', '102', '7', '0000-00-00 00:00:00', '0000-00-00 00:00:00'),
('1631', '102-1', '102', '7', '0000-00-00 00:00:00', '0000-00-00 00:00:00'),
('1632', '102-1', '102', '7', '0000-00-00 00:00:00', '0000-00-00 00:00:00'),
('1633', '102-1', '102', '7', '0000-00-00 00:00:00', '0000-00-00 00:00:00'),
('1634', '102-1', '102', '7', '0000-00-00 00:00:00', '0000-00-00 00:00:00'),
('1635', '102-1', '102', '7', '0000-00-00 00:00:00', '0000-00-00 00:00:00'),
('1636', '102-1', '102', '7', '0000-00-00 00:00:00', '0000-00-00 00:00:00'),
('1637', '102-1', '102', '7', '0000-00-00 00:00:00', '0000-00-00 00:00:00'),
('1638', '102-1', '102', '7', '0000-00-00 00:00:00', '0000-00-00 00:00:00'),
('1639', '102-1', '102', '7', '0000-00-00 00:00:00', '0000-00-00 00:00:00'),
('1640', '102-1', '102', '7', '0000-00-00 00:00:00', '0000-00-00 00:00:00'),
('1641', '102-1', '102', '7', '0000-00-00 00:00:00', '0000-00-00 00:00:00'),
('1642', '102-1', '102', '7', '0000-00-00 00:00:00', '0000-00-00 00:00:00'),
('1643', '102-1', '102', '7', '0000-00-00 00:00:00', '0000-00-00 00:00:00'),
('1644', '102-1', '102', '7', '0000-00-00 00:00:00', '0000-00-00 00:00:00'),
('1645', '102-1', '102', '7', '0000-00-00 00:00:00', '0000-00-00 00:00:00'),
('1646', '102-1', '102', '7', '0000-00-00 00:00:00', '0000-00-00 00:00:00'),
('1647', '102-1', '102', '7', '0000-00-00 00:00:00', '0000-00-00 00:00:00'),
('1648', '102-1', '102', '7', '0000-00-00 00:00:00', '0000-00-00 00:00:00'),
('1649', '102-1', '102', '7', '0000-00-00 00:00:00', '0000-00-00 00:00:00'),
('1650', '102-1', '102', '7', '0000-00-00 00:00:00', '0000-00-00 00:00:00'),
('1651', '102-1', '102', '7', '0000-00-00 00:00:00', '0000-00-00 00:00:00'),
('1652', '102-1', '102', '7', '0000-00-00 00:00:00', '0000-00-00 00:00:00'),
('1653', '102-1', '102', '7', '0000-00-00 00:00:00', '0000-00-00 00:00:00'),
('1654', '102-1', '102', '7', '0000-00-00 00:00:00', '0000-00-00 00:00:00'),
('1655', '102-1', '102', '7', '0000-00-00 00:00:00', '0000-00-00 00:00:00'),
('1656', '102-1', '102', '7', '0000-00-00 00:00:00', '0000-00-00 00:00:00'),
('1657', '102-1', '102', '7', '0000-00-00 00:00:00', '0000-00-00 00:00:00'),
('1658', '102-1', '102', '7', '0000-00-00 00:00:00', '0000-00-00 00:00:00'),
('1659', '102-1', '102', '7', '0000-00-00 00:00:00', '0000-00-00 00:00:00'),
('1660', '102-1', '102', '7', '0000-00-00 00:00:00', '0000-00-00 00:00:00'),
('1661', '102-1', '102', '7', '0000-00-00 00:00:00', '0000-00-00 00:00:00'),
('1662', '102-1', '102', '7', '0000-00-00 00:00:00', '0000-00-00 00:00:00'),
('1663', '102-1', '102', '7', '0000-00-00 00:00:00', '0000-00-00 00:00:00'),
('1664', '102-1', '102', '7', '0000-00-00 00:00:00', '0000-00-00 00:00:00'),
('1665', '102-1', '102', '7', '0000-00-00 00:00:00', '0000-00-00 00:00:00'),
('1666', '102-1', '102', '7', '0000-00-00 00:00:00', '0000-00-00 00:00:00'),
('1667', '102-1', '102', '7', '0000-00-00 00:00:00', '0000-00-00 00:00:00'),
('1668', '102-1', '102', '7', '0000-00-00 00:00:00', '0000-00-00 00:00:00'),
('1669', '102-1', '102', '7', '0000-00-00 00:00:00', '0000-00-00 00:00:00'),
('1670', '102-1', '102', '7', '0000-00-00 00:00:00', '0000-00-00 00:00:00'),
('1671', '102-1', '102', '7', '0000-00-00 00:00:00', '0000-00-00 00:00:00'),
('1672', '102-1', '102', '7', '0000-00-00 00:00:00', '0000-00-00 00:00:00'),
('1673', '102-1', '102', '7', '0000-00-00 00:00:00', '0000-00-00 00:00:00'),
('1674', '102-1', '102', '7', '0000-00-00 00:00:00', '0000-00-00 00:00:00'),
('1675', '102-1', '102', '7', '0000-00-00 00:00:00', '0000-00-00 00:00:00'),
('1676', '102-1', '102', '7', '0000-00-00 00:00:00', '0000-00-00 00:00:00'),
('1677', '102-1', '102', '7', '0000-00-00 00:00:00', '0000-00-00 00:00:00'),
('1678', '102-1', '102', '7', '0000-00-00 00:00:00', '0000-00-00 00:00:00'),
('1679', '102-1', '102', '7', '0000-00-00 00:00:00', '0000-00-00 00:00:00'),
('1680', '102-1', '102', '7', '0000-00-00 00:00:00', '0000-00-00 00:00:00'),
('1681', '102-1', '102', '7', '0000-00-00 00:00:00', '0000-00-00 00:00:00'),
('1682', '102-1', '102', '7', '0000-00-00 00:00:00', '0000-00-00 00:00:00'),
('1683', '102-1', '102', '7', '0000-00-00 00:00:00', '0000-00-00 00:00:00'),
('1684', '102-1', '102', '7', '0000-00-00 00:00:00', '0000-00-00 00:00:00'),
('1685', '102-1', '102', '7', '0000-00-00 00:00:00', '0000-00-00 00:00:00'),
('1686', '102-1', '102', '7', '0000-00-00 00:00:00', '0000-00-00 00:00:00'),
('1687', '102-1', '102', '7', '0000-00-00 00:00:00', '0000-00-00 00:00:00'),
('1688', '102-1', '102', '7', '0000-00-00 00:00:00', '0000-00-00 00:00:00'),
('1689', '102-1', '102', '7', '0000-00-00 00:00:00', '0000-00-00 00:00:00'),
('1690', '102-1', '102', '7', '0000-00-00 00:00:00', '0000-00-00 00:00:00'),
('1691', '102-1', '102', '7', '0000-00-00 00:00:00', '0000-00-00 00:00:00'),
('1692', '102-1', '102', '7', '0000-00-00 00:00:00', '0000-00-00 00:00:00'),
('1693', '102-1', '102', '7', '0000-00-00 00:00:00', '0000-00-00 00:00:00'),
('1694', '102-1', '102', '7', '0000-00-00 00:00:00', '0000-00-00 00:00:00'),
('1695', '102-1', '102', '7', '0000-00-00 00:00:00', '0000-00-00 00:00:00'),
('1696', '102-1', '102', '7', '0000-00-00 00:00:00', '0000-00-00 00:00:00'),
('1697', '102-1', '102', '7', '0000-00-00 00:00:00', '0000-00-00 00:00:00'),
('1698', '102-1', '102', '7', '0000-00-00 00:00:00', '0000-00-00 00:00:00'),
('1699', '102-1', '102', '7', '0000-00-00 00:00:00', '0000-00-00 00:00:00'),
('1700', '102-1', '102', '7', '0000-00-00 00:00:00', '0000-00-00 00:00:00'),
('1701', '102-1', '102', '7', '0000-00-00 00:00:00', '0000-00-00 00:00:00'),
('1702', '102-1', '102', '7', '0000-00-00 00:00:00', '0000-00-00 00:00:00'),
('1703', '102-1', '102', '7', '0000-00-00 00:00:00', '0000-00-00 00:00:00'),
('1704', '102-1', '102', '7', '0000-00-00 00:00:00', '0000-00-00 00:00:00'),
('1705', '102-1', '102', '7', '0000-00-00 00:00:00', '0000-00-00 00:00:00'),
('1706', '102-1', '102', '7', '0000-00-00 00:00:00', '0000-00-00 00:00:00'),
('1707', '102-1', '102', '7', '0000-00-00 00:00:00', '0000-00-00 00:00:00'),
('1708', '102-1', '102', '7', '0000-00-00 00:00:00', '0000-00-00 00:00:00'),
('1709', '102-1', '102', '7', '0000-00-00 00:00:00', '0000-00-00 00:00:00'),
('1710', '102-1', '102', '7', '0000-00-00 00:00:00', '0000-00-00 00:00:00'),
('1711', '102-1', '102', '7', '0000-00-00 00:00:00', '0000-00-00 00:00:00'),
('1712', '102-1', '102', '7', '0000-00-00 00:00:00', '0000-00-00 00:00:00'),
('1713', '102-1', '102', '7', '0000-00-00 00:00:00', '0000-00-00 00:00:00'),
('1714', '102-1', '102', '7', '0000-00-00 00:00:00', '0000-00-00 00:00:00'),
('1715', '102-1', '102', '7', '0000-00-00 00:00:00', '0000-00-00 00:00:00'),
('1716', '102-1', '102', '7', '0000-00-00 00:00:00', '0000-00-00 00:00:00'),
('1717', '102-1', '102', '7', '0000-00-00 00:00:00', '0000-00-00 00:00:00'),
('1718', '102-1', '102', '7', '0000-00-00 00:00:00', '0000-00-00 00:00:00'),
('1719', '102-1', '102', '7', '0000-00-00 00:00:00', '0000-00-00 00:00:00'),
('1720', '102-1', '102', '7', '0000-00-00 00:00:00', '0000-00-00 00:00:00'),
('1721', '102-1', '102', '7', '0000-00-00 00:00:00', '0000-00-00 00:00:00'),
('1722', '102-1', '102', '7', '0000-00-00 00:00:00', '0000-00-00 00:00:00'),
('1723', '102-1', '102', '7', '0000-00-00 00:00:00', '0000-00-00 00:00:00'),
('1724', '102-1', '102', '7', '0000-00-00 00:00:00', '0000-00-00 00:00:00'),
('1725', '102-1', '102', '7', '0000-00-00 00:00:00', '0000-00-00 00:00:00'),
('1726', '102-1', '102', '7', '0000-00-00 00:00:00', '0000-00-00 00:00:00'),
('1727', '102-1', '102', '7', '0000-00-00 00:00:00', '0000-00-00 00:00:00'),
('1728', '102-1', '102', '7', '0000-00-00 00:00:00', '0000-00-00 00:00:00'),
('1729', '102-1', '102', '7', '0000-00-00 00:00:00', '0000-00-00 00:00:00'),
('1730', '102-1', '102', '7', '0000-00-00 00:00:00', '0000-00-00 00:00:00'),
('1732', '102-1', '102', '7', '0000-00-00 00:00:00', '0000-00-00 00:00:00'),
('1733', '102-1', '102', '7', '0000-00-00 00:00:00', '0000-00-00 00:00:00'),
('1734', '102-1', '102', '7', '0000-00-00 00:00:00', '0000-00-00 00:00:00'),
('1735', '102-1', '102', '7', '0000-00-00 00:00:00', '0000-00-00 00:00:00'),
('1736', '102-1', '102', '7', '0000-00-00 00:00:00', '0000-00-00 00:00:00'),
('1737', '102-1', '102', '7', '0000-00-00 00:00:00', '0000-00-00 00:00:00'),
('1738', '102-1', '102', '7', '0000-00-00 00:00:00', '0000-00-00 00:00:00'),
('1739', '102-1', '102', '7', '0000-00-00 00:00:00', '0000-00-00 00:00:00'),
('1741', '102-1', '102', '7', '0000-00-00 00:00:00', '0000-00-00 00:00:00'),
('1742', '102-1', '102', '7', '0000-00-00 00:00:00', '0000-00-00 00:00:00'),
('1742AA', '102-4', '102', '7', '0000-00-00 00:00:00', '0000-00-00 00:00:00'),
('1742AB', '102-19', '102', '7', '0000-00-00 00:00:00', '0000-00-00 00:00:00'),
('1742AC', '102-36', '102', '7', '0000-00-00 00:00:00', '0000-00-00 00:00:00'),
('1742AD', '102-48', '102', '7', '0000-00-00 00:00:00', '0000-00-00 00:00:00'),
('1742AE', '102-53', '102', '7', '0000-00-00 00:00:00', '0000-00-00 00:00:00'),
('1742AF', '102-67', '102', '7', '0000-00-00 00:00:00', '0000-00-00 00:00:00'),
('1742AG', '102-78', '102', '7', '0000-00-00 00:00:00', '0000-00-00 00:00:00'),
('1742AH', '102-79', '102', '7', '0000-00-00 00:00:00', '0000-00-00 00:00:00'),
('1742AI', '102-80', '102', '7', '0000-00-00 00:00:00', '0000-00-00 00:00:00'),
('1742AJ', '102-101', '102', '7', '0000-00-00 00:00:00', '0000-00-00 00:00:00'),
('1743', '102-1', '102', '7', '0000-00-00 00:00:00', '0000-00-00 00:00:00'),
('1745', '102-2', '102', '7', '0000-00-00 00:00:00', '0000-00-00 00:00:00'),
('1746', '102-2', '102', '7', '0000-00-00 00:00:00', '0000-00-00 00:00:00'),
('1747', '102-1', '102', '7', '0000-00-00 00:00:00', '0000-00-00 00:00:00'),
('1747AA', '102-3', '102', '7', '0000-00-00 00:00:00', '0000-00-00 00:00:00'),
('1747AB', '102-5', '102', '7', '0000-00-00 00:00:00', '0000-00-00 00:00:00'),
('1747AC', '102-9', '102', '7', '0000-00-00 00:00:00', '0000-00-00 00:00:00'),
('1747AD', '102-10', '102', '7', '0000-00-00 00:00:00', '0000-00-00 00:00:00'),
('1747AE', '102-16', '102', '7', '0000-00-00 00:00:00', '0000-00-00 00:00:00'),
('1747AF', '102-18', '102', '7', '0000-00-00 00:00:00', '0000-00-00 00:00:00'),
('1747AG', '102-21', '102', '7', '0000-00-00 00:00:00', '0000-00-00 00:00:00'),
('1747AH', '102-24', '102', '7', '0000-00-00 00:00:00', '0000-00-00 00:00:00'),
('1747AI', '102-26', '102', '7', '0000-00-00 00:00:00', '0000-00-00 00:00:00'),
('1747AJ', '102-28', '102', '7', '0000-00-00 00:00:00', '0000-00-00 00:00:00'),
('1747AK', '102-31', '102', '7', '0000-00-00 00:00:00', '0000-00-00 00:00:00'),
('1747AL', '102-38', '102', '7', '0000-00-00 00:00:00', '0000-00-00 00:00:00'),
('1747AM', '102-40', '102', '7', '0000-00-00 00:00:00', '0000-00-00 00:00:00'),
('1747AN', '102-41', '102', '7', '0000-00-00 00:00:00', '0000-00-00 00:00:00'),
('1747AO', '102-42', '102', '7', '0000-00-00 00:00:00', '0000-00-00 00:00:00'),
('1747AP', '102-43', '102', '7', '0000-00-00 00:00:00', '0000-00-00 00:00:00'),
('1747AQ', '102-44', '102', '7', '0000-00-00 00:00:00', '0000-00-00 00:00:00'),
('1747AR', '102-49', '102', '7', '0000-00-00 00:00:00', '0000-00-00 00:00:00'),
('1747AS', '102-50', '102', '7', '0000-00-00 00:00:00', '0000-00-00 00:00:00'),
('1747AT', '102-56', '102', '7', '0000-00-00 00:00:00', '0000-00-00 00:00:00'),
('1747AU', '102-59', '102', '7', '0000-00-00 00:00:00', '0000-00-00 00:00:00'),
('1747AV', '102-60', '102', '7', '0000-00-00 00:00:00', '0000-00-00 00:00:00'),
('1747AW', '102-61', '102', '7', '0000-00-00 00:00:00', '0000-00-00 00:00:00'),
('1747AX', '102-62', '102', '7', '0000-00-00 00:00:00', '0000-00-00 00:00:00'),
('1747AY', '102-63', '102', '7', '0000-00-00 00:00:00', '0000-00-00 00:00:00'),
('1747AZ', '103-64', '102', '7', '0000-00-00 00:00:00', '0000-00-00 00:00:00'),
('1747BA', '102-65', '102', '7', '0000-00-00 00:00:00', '0000-00-00 00:00:00'),
('1747BB', '102-66', '102', '7', '0000-00-00 00:00:00', '0000-00-00 00:00:00'),
('1747BC', '102-68', '102', '7', '0000-00-00 00:00:00', '0000-00-00 00:00:00'),
('1747BD', '102-69', '102', '7', '0000-00-00 00:00:00', '0000-00-00 00:00:00'),
('1747BE', '102-71', '102', '7', '0000-00-00 00:00:00', '0000-00-00 00:00:00'),
('1747BF', '102-72', '102', '7', '0000-00-00 00:00:00', '0000-00-00 00:00:00'),
('1747BG', '102-73', '102', '7', '0000-00-00 00:00:00', '0000-00-00 00:00:00'),
('1747BH', '102-74', '102', '7', '0000-00-00 00:00:00', '0000-00-00 00:00:00'),
('1747BI', '102-75', '102', '7', '0000-00-00 00:00:00', '0000-00-00 00:00:00'),
('1747BJ', '102-102', '102', '7', '0000-00-00 00:00:00', '0000-00-00 00:00:00'),
('1747BK', '102-103', '102', '7', '0000-00-00 00:00:00', '0000-00-00 00:00:00'),
('1747BL', '102-104', '102', '7', '0000-00-00 00:00:00', '0000-00-00 00:00:00'),
('1747BM', '102-106', '102', '7', '0000-00-00 00:00:00', '0000-00-00 00:00:00'),
('1747BN', '102-107', '102', '7', '0000-00-00 00:00:00', '0000-00-00 00:00:00'),
('1747BO', '102-108', '102', '7', '0000-00-00 00:00:00', '0000-00-00 00:00:00'),
('1747BP', '102-109', '102', '7', '0000-00-00 00:00:00', '0000-00-00 00:00:00'),
('1747BQ', '102-110', '102', '7', '0000-00-00 00:00:00', '0000-00-00 00:00:00'),
('1747BR', '102-111', '102', '7', '0000-00-00 00:00:00', '0000-00-00 00:00:00'),
('1747BS', '102-120', '102', '7', '0000-00-00 00:00:00', '0000-00-00 00:00:00'),
('1747BT', '102-121', '102', '7', '0000-00-00 00:00:00', '0000-00-00 00:00:00'),
('1747BU', '102-128', '102', '7', '0000-00-00 00:00:00', '0000-00-00 00:00:00'),
('1748', '102-1', '102', '7', '0000-00-00 00:00:00', '0000-00-00 00:00:00'),
('1748AA', '102-7', '102', '7', '0000-00-00 00:00:00', '0000-00-00 00:00:00'),
('1748AB', '102-12', '102', '7', '0000-00-00 00:00:00', '0000-00-00 00:00:00'),
('1748AC', '102-13', '102', '7', '0000-00-00 00:00:00', '0000-00-00 00:00:00'),
('1748AD', '102-14', '102', '7', '0000-00-00 00:00:00', '0000-00-00 00:00:00'),
('1748AE', '102-15', '102', '7', '0000-00-00 00:00:00', '0000-00-00 00:00:00'),
('1748AF', '102-20', '102', '7', '0000-00-00 00:00:00', '0000-00-00 00:00:00'),
('1748AG', '102-30', '102', '7', '0000-00-00 00:00:00', '0000-00-00 00:00:00'),
('1748AH', '102-34', '102', '7', '0000-00-00 00:00:00', '0000-00-00 00:00:00'),
('1748AI', '102-39', '102', '7', '0000-00-00 00:00:00', '0000-00-00 00:00:00'),
('1748AJ', '102-45', '102', '7', '0000-00-00 00:00:00', '0000-00-00 00:00:00'),
('1748AK', '102-47', '102', '7', '0000-00-00 00:00:00', '0000-00-00 00:00:00'),
('1748AL', '102-54', '102', '7', '0000-00-00 00:00:00', '0000-00-00 00:00:00'),
('1748AM', '102-70', '102', '7', '0000-00-00 00:00:00', '0000-00-00 00:00:00'),
('1748AN', '102-77', '102', '7', '0000-00-00 00:00:00', '0000-00-00 00:00:00'),
('1748AO', '102-88', '102', '7', '0000-00-00 00:00:00', '0000-00-00 00:00:00'),
('1748AP', '102-83', '102', '7', '0000-00-00 00:00:00', '0000-00-00 00:00:00'),
('1748AQ', '102-84', '102', '7', '0000-00-00 00:00:00', '0000-00-00 00:00:00'),
('1748AR', '102-85', '102', '7', '0000-00-00 00:00:00', '0000-00-00 00:00:00'),
('1748AS', '102-86', '102', '7', '0000-00-00 00:00:00', '0000-00-00 00:00:00'),
('1748AT', '102-87', '102', '7', '0000-00-00 00:00:00', '0000-00-00 00:00:00'),
('1748AU', '102-88', '102', '7', '0000-00-00 00:00:00', '0000-00-00 00:00:00'),
('1748AV', '102-89', '102', '7', '0000-00-00 00:00:00', '0000-00-00 00:00:00'),
('1748AW', '102-90', '102', '7', '0000-00-00 00:00:00', '0000-00-00 00:00:00'),
('1748AX', '102-91', '102', '7', '0000-00-00 00:00:00', '0000-00-00 00:00:00'),
('1748AY', '102-92', '102', '7', '0000-00-00 00:00:00', '0000-00-00 00:00:00'),
('1748AZ', '102-93', '102', '7', '0000-00-00 00:00:00', '0000-00-00 00:00:00'),
('1748BA', '102-94', '102', '7', '0000-00-00 00:00:00', '0000-00-00 00:00:00'),
('1748BB', '102-95', '102', '7', '0000-00-00 00:00:00', '0000-00-00 00:00:00'),
('1748BC', '102-97', '102', '7', '0000-00-00 00:00:00', '0000-00-00 00:00:00'),
('1748BD', '102-98', '102', '7', '0000-00-00 00:00:00', '0000-00-00 00:00:00'),
('1748BE', '102-99', '102', '7', '0000-00-00 00:00:00', '0000-00-00 00:00:00'),
('1748BF', '102-100', '102', '7', '0000-00-00 00:00:00', '0000-00-00 00:00:00'),
('1748BG', '102-112', '102', '7', '0000-00-00 00:00:00', '0000-00-00 00:00:00'),
('1748BH', '102-113', '102', '7', '0000-00-00 00:00:00', '0000-00-00 00:00:00'),
('1748BI', '102-114', '102', '7', '0000-00-00 00:00:00', '0000-00-00 00:00:00'),
('1748BJ', '102-115', '102', '7', '0000-00-00 00:00:00', '0000-00-00 00:00:00'),
('1748BK', '102-116', '102', '7', '0000-00-00 00:00:00', '0000-00-00 00:00:00'),
('1748BL', '102-117', '102', '7', '0000-00-00 00:00:00', '0000-00-00 00:00:00'),
('1748BM', '102-118', '102', '7', '0000-00-00 00:00:00', '0000-00-00 00:00:00'),
('1748BN', '102-119', '102', '7', '0000-00-00 00:00:00', '0000-00-00 00:00:00'),
('1748BO', '102-122', '102', '7', '0000-00-00 00:00:00', '0000-00-00 00:00:00'),
('1748BP', '102-123', '102', '7', '0000-00-00 00:00:00', '0000-00-00 00:00:00'),
('1748BQ', '102-124', '102', '7', '0000-00-00 00:00:00', '0000-00-00 00:00:00'),
('1748BR', '102-125', '102', '7', '0000-00-00 00:00:00', '0000-00-00 00:00:00'),
('1748BS', '102-127', '102', '7', '0000-00-00 00:00:00', '0000-00-00 00:00:00'),
('1749', '102-1', '102', '7', '0000-00-00 00:00:00', '0000-00-00 00:00:00'),
('1750', '102-1', '102', '7', '0000-00-00 00:00:00', '0000-00-00 00:00:00'),
('1751', '102-1', '102', '7', '0000-00-00 00:00:00', '0000-00-00 00:00:00'),
('1752', '102-1', '102', '7', '0000-00-00 00:00:00', '0000-00-00 00:00:00'),
('1753', '102-1', '102', '7', '0000-00-00 00:00:00', '0000-00-00 00:00:00'),
('1754', '102-1', '102', '7', '0000-00-00 00:00:00', '0000-00-00 00:00:00'),
('1930', '102-1', '102', '7', '0000-00-00 00:00:00', '0000-00-00 00:00:00'),
('1931', '102-1', '102', '7', '0000-00-00 00:00:00', '0000-00-00 00:00:00'),
('1932', '102-1', '102', '7', '0000-00-00 00:00:00', '0000-00-00 00:00:00'),
('1933', '102-1', '102', '7', '0000-00-00 00:00:00', '0000-00-00 00:00:00'),
('1934', '102-1', '102', '7', '0000-00-00 00:00:00', '0000-00-00 00:00:00'),
('1935', '102-1', '102', '7', '0000-00-00 00:00:00', '0000-00-00 00:00:00'),
('1936', '102-1', '102', '7', '0000-00-00 00:00:00', '0000-00-00 00:00:00'),
('1937', '102-1', '102', '7', '0000-00-00 00:00:00', '0000-00-00 00:00:00'),
('1938', '102-1', '102', '7', '0000-00-00 00:00:00', '0000-00-00 00:00:00'),
('1939', '102-1', '102', '7', '0000-00-00 00:00:00', '0000-00-00 00:00:00'),
('1940', '102-1', '102', '7', '0000-00-00 00:00:00', '0000-00-00 00:00:00'),
('1941', '102-1', '102', '7', '0000-00-00 00:00:00', '0000-00-00 00:00:00'),
('1942', '102-1', '102', '7', '0000-00-00 00:00:00', '0000-00-00 00:00:00'),
('1943', '102-1', '102', '7', '0000-00-00 00:00:00', '0000-00-00 00:00:00'),
('1944', '102-1', '102', '7', '0000-00-00 00:00:00', '0000-00-00 00:00:00'),
('1945', '102-1', '102', '7', '0000-00-00 00:00:00', '0000-00-00 00:00:00'),
('1946', '102-1', '102', '7', '0000-00-00 00:00:00', '0000-00-00 00:00:00'),
('1947', '102-1', '102', '7', '0000-00-00 00:00:00', '0000-00-00 00:00:00'),
('1948', '102-1', '102', '7', '0000-00-00 00:00:00', '0000-00-00 00:00:00'),
('1949', '102-1', '102', '7', '0000-00-00 00:00:00', '0000-00-00 00:00:00'),
('1950', '102-1', '102', '7', '0000-00-00 00:00:00', '0000-00-00 00:00:00'),
('1951', '102-1', '102', '7', '0000-00-00 00:00:00', '0000-00-00 00:00:00'),
('1952', '102-1', '102', '7', '0000-00-00 00:00:00', '0000-00-00 00:00:00'),
('1953', '102-1', '102', '7', '0000-00-00 00:00:00', '0000-00-00 00:00:00'),
('1954', '102-1', '102', '7', '0000-00-00 00:00:00', '0000-00-00 00:00:00'),
('1955', '102-1', '102', '7', '0000-00-00 00:00:00', '0000-00-00 00:00:00'),
('1956', '102-1', '102', '7', '0000-00-00 00:00:00', '0000-00-00 00:00:00'),
('1957', '102-1', '102', '7', '0000-00-00 00:00:00', '0000-00-00 00:00:00'),
('1958', '102-1', '102', '7', '0000-00-00 00:00:00', '0000-00-00 00:00:00'),
('1959', '102-1', '102', '7', '0000-00-00 00:00:00', '0000-00-00 00:00:00'),
('1960', '102-1', '102', '7', '0000-00-00 00:00:00', '0000-00-00 00:00:00'),
('1961', '102-1', '102', '7', '0000-00-00 00:00:00', '0000-00-00 00:00:00'),
('1962', '102-1', '102', '7', '0000-00-00 00:00:00', '0000-00-00 00:00:00'),
('1963', '102-1', '102', '7', '0000-00-00 00:00:00', '0000-00-00 00:00:00'),
('1964', '102-1', '102', '7', '0000-00-00 00:00:00', '0000-00-00 00:00:00'),
('1965', '102-1', '102', '7', '0000-00-00 00:00:00', '0000-00-00 00:00:00'),
('1966', '102-1', '102', '7', '0000-00-00 00:00:00', '0000-00-00 00:00:00'),
('1967', '102-1', '102', '7', '0000-00-00 00:00:00', '0000-00-00 00:00:00'),
('1968', '102-1', '102', '7', '0000-00-00 00:00:00', '0000-00-00 00:00:00'),
('1969', '102-1', '102', '7', '0000-00-00 00:00:00', '0000-00-00 00:00:00'),
('1970', '102-1', '102', '7', '0000-00-00 00:00:00', '0000-00-00 00:00:00'),
('1971', '102-1', '102', '7', '0000-00-00 00:00:00', '0000-00-00 00:00:00'),
('1972', '102-1', '102', '7', '0000-00-00 00:00:00', '0000-00-00 00:00:00'),
('1973', '102-1', '102', '7', '0000-00-00 00:00:00', '0000-00-00 00:00:00'),
('1974', '102-1', '102', '7', '0000-00-00 00:00:00', '0000-00-00 00:00:00'),
('1975', '102-1', '102', '7', '0000-00-00 00:00:00', '0000-00-00 00:00:00'),
('2012', '102-1', '102', '7', '0000-00-00 00:00:00', '0000-00-00 00:00:00'),
('2013', '102-1', '102', '7', '0000-00-00 00:00:00', '0000-00-00 00:00:00'),
('2014', '102-1', '102', '7', '0000-00-00 00:00:00', '0000-00-00 00:00:00'),
('2015', '102-1', '102', '7', '0000-00-00 00:00:00', '0000-00-00 00:00:00'),
('2016', '102-1', '102', '7', '0000-00-00 00:00:00', '0000-00-00 00:00:00'),
('2017', '102-1', '102', '7', '0000-00-00 00:00:00', '0000-00-00 00:00:00'),
('2018', '102-1', '102', '7', '0000-00-00 00:00:00', '0000-00-00 00:00:00'),
('2019', '102-1', '102', '7', '0000-00-00 00:00:00', '0000-00-00 00:00:00'),
('2020', '102-1', '102', '7', '0000-00-00 00:00:00', '0000-00-00 00:00:00'),
('2021', '102-1', '102', '7', '0000-00-00 00:00:00', '0000-00-00 00:00:00'),
('2022', '102-1', '102', '7', '0000-00-00 00:00:00', '0000-00-00 00:00:00'),
('2023', '102-1', '102', '7', '0000-00-00 00:00:00', '0000-00-00 00:00:00'),
('2024', '102-1', '102', '7', '0000-00-00 00:00:00', '0000-00-00 00:00:00'),
('2025', '102-1', '102', '7', '0000-00-00 00:00:00', '0000-00-00 00:00:00'),
('2026', '102-1', '102', '7', '0000-00-00 00:00:00', '0000-00-00 00:00:00'),
('2027', '102-1', '102', '7', '0000-00-00 00:00:00', '0000-00-00 00:00:00'),
('2028', '102-1', '102', '7', '0000-00-00 00:00:00', '0000-00-00 00:00:00'),
('2029', '102-1', '102', '7', '0000-00-00 00:00:00', '0000-00-00 00:00:00'),
('2030', '102-1', '102', '7', '0000-00-00 00:00:00', '0000-00-00 00:00:00'),
('2031', '102-1', '102', '7', '0000-00-00 00:00:00', '0000-00-00 00:00:00'),
('2032', '102-1', '102', '7', '0000-00-00 00:00:00', '0000-00-00 00:00:00'),
('2033', '102-1', '102', '7', '0000-00-00 00:00:00', '0000-00-00 00:00:00'),
('2034', '102-1', '102', '7', '0000-00-00 00:00:00', '0000-00-00 00:00:00'),
('2035', '102-1', '102', '7', '0000-00-00 00:00:00', '0000-00-00 00:00:00'),
('2036', '102-1', '102', '7', '0000-00-00 00:00:00', '0000-00-00 00:00:00'),
('2037', '102-1', '102', '7', '0000-00-00 00:00:00', '0000-00-00 00:00:00'),
('2038', '102-1', '102', '7', '0000-00-00 00:00:00', '0000-00-00 00:00:00'),
('2039', '102-1', '102', '7', '0000-00-00 00:00:00', '0000-00-00 00:00:00'),
('2040', '102-1', '102', '7', '0000-00-00 00:00:00', '0000-00-00 00:00:00'),
('2041', '102-1', '102', '7', '0000-00-00 00:00:00', '0000-00-00 00:00:00'),
('2042', '102-1', '102', '7', '0000-00-00 00:00:00', '0000-00-00 00:00:00'),
('2043', '102-1', '102', '7', '0000-00-00 00:00:00', '0000-00-00 00:00:00'),
('2044', '102-1', '102', '7', '0000-00-00 00:00:00', '0000-00-00 00:00:00'),
('2045', '102-1', '102', '7', '0000-00-00 00:00:00', '0000-00-00 00:00:00'),
('2046', '102-1', '102', '7', '0000-00-00 00:00:00', '0000-00-00 00:00:00'),
('2094', '77-68', '77', '7', '0000-00-00 00:00:00', '0000-00-00 00:00:00'),
('2095', '77-1', '77', '7', '0000-00-00 00:00:00', '0000-00-00 00:00:00'),
('2096', '77-1', '77', '7', '0000-00-00 00:00:00', '0000-00-00 00:00:00'),
('2097', '77-1', '77', '7', '0000-00-00 00:00:00', '0000-00-00 00:00:00'),
('2098', '77-1', '77', '7', '0000-00-00 00:00:00', '0000-00-00 00:00:00'),
('2116', '102-1', '102', '7', '0000-00-00 00:00:00', '0000-00-00 00:00:00'),
('2117', '102-1', '102', '7', '0000-00-00 00:00:00', '0000-00-00 00:00:00'),
('2118', '102-1', '102', '7', '0000-00-00 00:00:00', '0000-00-00 00:00:00'),
('2119', '102-1', '102', '7', '0000-00-00 00:00:00', '0000-00-00 00:00:00'),
('2131', '102-1', '102', '7', '0000-00-00 00:00:00', '0000-00-00 00:00:00'),
('2132', '102-1', '102', '7', '0000-00-00 00:00:00', '0000-00-00 00:00:00');

-- --------------------------------------------------------

--
-- Estructura de tabla para la tabla `simpatizantes`
--


--
-- Volcado de datos para la tabla `simpatizantes`
--

INSERT INTO `simpatizantes` (`cveElectoral`, `curp`, `nombre`, `apaterno`, `amaterno`, `fecha_nac`, `sexo`, `domicilio`, `colonia`, `localidad`, `municipio`, `estado`, `numtelefono`, `facebook`, `instagram`, `otrared`, `createdAt`, `updatedAt`, `userName`, `cvesec`, `idcliente`) VALUES
('CRGMLS01050307H200', 'CUGL010503HCSRMSA2', 'Luis Daniel', 'Cruz', 'Gomez', '03/05/2001', 'H', 'Av Primavera', 'La Alborada', 'Tuxtla Gutierrez', 'Tuxtla Gutierrez', 'Chiapas', '9612464778', 'Luis Daniel Cruz', 'Luis Daniel Cruz', 'S/C', '2023-02-06 16:32:22', '2023-02-06 16:32:22', 'abel.perez@afiliaccion.net', '1645', 'P001'),
('GTRNJR78112007H902', 'GURJ781120HCSTNR07', 'JORGE DAVID', 'GUTIERREZ ', 'RENDON', '12/11/1978', 'H', 'C GUERRERO MZ 4 LT 21', 'COL NUEVO MILENIO', 'TUXTLA GUTIERREZ', '102-TUXTLA GUTIERREZ', '7-CHIAPAS', '9615809929', 'SIN CUENTA', 'SIN CUENTA', 'SIN CUENTA', '0000-00-00 00:00:00', '0000-00-00 00:00:00', 'hector.nuricumbo@afiliaccion.net', '1734', 'P001'),
('MLRSAR350220507H90', 'MORA350220HCSLSR08', 'ARMANDO', 'MOLINA', 'DE LA ROSA', '20/02/1935', 'H', 'AV CHURUBUSCO 20', 'COL EVOLUCION', 'TUXTLA GUTIERREZ', '102-TUXTLA GUTIERREZ', '7-CHIAPAS', '9612798461', 'SIN CUENTA', 'SIN CUENTA', 'SIN CUENTA', '0000-00-00 00:00:00', '0000-00-00 00:00:00', 'hector.nuricumbo@afiliaccion.net', '1734', 'P001'),
('MNNTMR88061507M100', 'MANM880615MCSNTR02', 'MARIA', 'MANUEL', 'NATAREN', '15/06/1988', 'M', 'C SIN NOMBRE S/N', 'RIA HUIZACHAL', 'TUXTLA GUTIERREZ', '102-TUXTLA GUTIERREZ', '7-CHIAPAS', '9612050440', 'SIN CUENTA', 'SIN CUENTA', 'SIN CUENTA', '0000-00-00 00:00:00', '0000-00-00 00:00:00', 'jesus.herrera@afiliaccion.net', '1734', 'P001'),
('NTOVAR70081107M400', 'NAOA700811MCSTVR05', 'ARACELI', 'NATAREN', 'OVANDO', '11/08/1970', 'M', 'C JUAN JOSE CALZADA 13', 'BARR NUEVO', 'TUXTLA GUTIERREZ', '102-TUXTLA GUTIERREZ', '7-CHIAPAS', '9611348541', 'SIN CUENTA', 'SIN CUENTA', 'SIN CUENTA', '0000-00-00 00:00:00', '0000-00-00 00:00:00', 'abel.perez@afiliaccion.net', '1734', 'P001'),
('NZGTNR870907M300', 'NUGN870907MCSXTR05', 'NORMA ISELA', 'NUNEZ', 'GUTIERREZ ', '07/09/1987', 'M', 'C CEDRO MZA 15 LT5', 'COL BUROCRATICA', 'TUXTLA GUTIERREZ', '102-TUXTLA GUTIERREZ', '7-CHIAPAS', '9615803898', 'SIN CUENTA', 'SIN CUENTA', 'SIN CUENTA', '0000-00-00 00:00:00', '0000-00-00 00:00:00', 'hector.nuricumbo@afiliaccion.net', '1734', 'P001'),
('RDSNJL72052907H100', 'ROSJ720529HCSDNL08', 'JULIAN', 'RODRIGUEZ', 'SANCHEZ', '29/05/1972', 'H', 'AV ALDAMA 17', 'BARR NICATAN ', 'TUXTLA GUTIERREZ', '102-TUXTLA GUTIERREZ', '7-CHIAPAS', '9611987465', 'SIN CUENTA', 'SIN CUENTA', 'SIN CUENTA', '0000-00-00 00:00:00', '0000-00-00 00:00:00', 'abel.perez@afiliaccion.net', '1734', 'P001'),
('T13458092512345678', 'CALS0MP7AWÑBDPQL3', 'SONIA ISABEL ', 'CAMILO', 'LOPEZ', '2003-01-16', 'M', '2 AV NORTE PT. SUR SN', 'LA CANDELARIA ', 'BUENOS AIRES', '102Tuxtla Gutiérrez', '7Chiapas', '9921243498', 'Isabel camilo', 'Miss Isabel ', 'Ninguna ', '0000-00-00 00:00:00', '0000-00-00 00:00:00', 'jesus.herrera@afiliaccion.net', '1604', 'P001'),
('VLGRED73111907H300', 'VEGE731119HCSLRD09', 'EDGARDO', 'VELAZQUEZ', 'GARCIA', '19/11/1931', 'H', 'EL CONGRESO SN', 'RIA EL CONGRESO', 'TUXTLA GUTIERREZ', '102-TUXTLA GUTIERREZ', '7-CHIAPAS', '9611697346', 'SIN CUENTA', 'SIN CUENTA', 'SIN CUENTA', '0000-00-00 00:00:00', '0000-00-00 00:00:00', 'hector.nuricumbo@afiliaccion.net', '1734', 'P001');

--
-- Restricciones para tablas volcadas
--

--
-- Filtros para la tabla `simpatizantes`
--
ALTER TABLE `simpatizantes`
  ADD CONSTRAINT `simpatizantes_ibfk_102` FOREIGN KEY (`idcliente`) REFERENCES `catalogoclientes` (`idcliente`) ON DELETE SET NULL ON UPDATE CASCADE,
  ADD CONSTRAINT `simpatizantes_ibfk_105` FOREIGN KEY (`idcliente`) REFERENCES `catalogoclientes` (`idcliente`) ON DELETE SET NULL ON UPDATE CASCADE,
  ADD CONSTRAINT `simpatizantes_ibfk_108` FOREIGN KEY (`idcliente`) REFERENCES `catalogoclientes` (`idcliente`) ON DELETE SET NULL ON UPDATE CASCADE,
  ADD CONSTRAINT `simpatizantes_ibfk_111` FOREIGN KEY (`idcliente`) REFERENCES `catalogoclientes` (`idcliente`) ON DELETE SET NULL ON UPDATE CASCADE,
  ADD CONSTRAINT `simpatizantes_ibfk_114` FOREIGN KEY (`idcliente`) REFERENCES `catalogoclientes` (`idcliente`) ON DELETE SET NULL ON UPDATE CASCADE,
  ADD CONSTRAINT `simpatizantes_ibfk_117` FOREIGN KEY (`idcliente`) REFERENCES `catalogoclientes` (`idcliente`) ON DELETE SET NULL ON UPDATE CASCADE,
  ADD CONSTRAINT `simpatizantes_ibfk_12` FOREIGN KEY (`idcliente`) REFERENCES `catalogoclientes` (`idcliente`) ON DELETE SET NULL ON UPDATE CASCADE,
  ADD CONSTRAINT `simpatizantes_ibfk_120` FOREIGN KEY (`idcliente`) REFERENCES `catalogoclientes` (`idcliente`) ON DELETE SET NULL ON UPDATE CASCADE,
  ADD CONSTRAINT `simpatizantes_ibfk_123` FOREIGN KEY (`idcliente`) REFERENCES `catalogoclientes` (`idcliente`) ON DELETE SET NULL ON UPDATE CASCADE,
  ADD CONSTRAINT `simpatizantes_ibfk_126` FOREIGN KEY (`idcliente`) REFERENCES `catalogoclientes` (`idcliente`) ON DELETE SET NULL ON UPDATE CASCADE,
  ADD CONSTRAINT `simpatizantes_ibfk_129` FOREIGN KEY (`idcliente`) REFERENCES `catalogoclientes` (`idcliente`) ON DELETE SET NULL ON UPDATE CASCADE,
  ADD CONSTRAINT `simpatizantes_ibfk_132` FOREIGN KEY (`idcliente`) REFERENCES `catalogoclientes` (`idcliente`) ON DELETE SET NULL ON UPDATE CASCADE,
  ADD CONSTRAINT `simpatizantes_ibfk_135` FOREIGN KEY (`idcliente`) REFERENCES `catalogoclientes` (`idcliente`) ON DELETE SET NULL ON UPDATE CASCADE,
  ADD CONSTRAINT `simpatizantes_ibfk_138` FOREIGN KEY (`idcliente`) REFERENCES `catalogoclientes` (`idcliente`) ON DELETE SET NULL ON UPDATE CASCADE,
  ADD CONSTRAINT `simpatizantes_ibfk_141` FOREIGN KEY (`idcliente`) REFERENCES `catalogoclientes` (`idcliente`) ON DELETE SET NULL ON UPDATE CASCADE,
  ADD CONSTRAINT `simpatizantes_ibfk_144` FOREIGN KEY (`idcliente`) REFERENCES `catalogoclientes` (`idcliente`) ON DELETE SET NULL ON UPDATE CASCADE,
  ADD CONSTRAINT `simpatizantes_ibfk_147` FOREIGN KEY (`idcliente`) REFERENCES `catalogoclientes` (`idcliente`) ON DELETE SET NULL ON UPDATE CASCADE,
  ADD CONSTRAINT `simpatizantes_ibfk_15` FOREIGN KEY (`idcliente`) REFERENCES `catalogoclientes` (`idcliente`) ON DELETE SET NULL ON UPDATE CASCADE,
  ADD CONSTRAINT `simpatizantes_ibfk_150` FOREIGN KEY (`idcliente`) REFERENCES `catalogoclientes` (`idcliente`) ON DELETE SET NULL ON UPDATE CASCADE,
  ADD CONSTRAINT `simpatizantes_ibfk_153` FOREIGN KEY (`idcliente`) REFERENCES `catalogoclientes` (`idcliente`) ON DELETE SET NULL ON UPDATE CASCADE,
  ADD CONSTRAINT `simpatizantes_ibfk_156` FOREIGN KEY (`idcliente`) REFERENCES `catalogoclientes` (`idcliente`) ON DELETE SET NULL ON UPDATE CASCADE,
  ADD CONSTRAINT `simpatizantes_ibfk_159` FOREIGN KEY (`idcliente`) REFERENCES `catalogoclientes` (`idcliente`) ON DELETE SET NULL ON UPDATE CASCADE,
  ADD CONSTRAINT `simpatizantes_ibfk_162` FOREIGN KEY (`idcliente`) REFERENCES `catalogoclientes` (`idcliente`) ON DELETE SET NULL ON UPDATE CASCADE,
  ADD CONSTRAINT `simpatizantes_ibfk_165` FOREIGN KEY (`idcliente`) REFERENCES `catalogoclientes` (`idcliente`) ON DELETE SET NULL ON UPDATE CASCADE,
  ADD CONSTRAINT `simpatizantes_ibfk_168` FOREIGN KEY (`idcliente`) REFERENCES `catalogoclientes` (`idcliente`) ON DELETE SET NULL ON UPDATE CASCADE,
  ADD CONSTRAINT `simpatizantes_ibfk_171` FOREIGN KEY (`idcliente`) REFERENCES `catalogoclientes` (`idcliente`) ON DELETE SET NULL ON UPDATE CASCADE,
  ADD CONSTRAINT `simpatizantes_ibfk_174` FOREIGN KEY (`idcliente`) REFERENCES `catalogoclientes` (`idcliente`) ON DELETE SET NULL ON UPDATE CASCADE,
  ADD CONSTRAINT `simpatizantes_ibfk_177` FOREIGN KEY (`idcliente`) REFERENCES `catalogoclientes` (`idcliente`) ON DELETE SET NULL ON UPDATE CASCADE,
  ADD CONSTRAINT `simpatizantes_ibfk_18` FOREIGN KEY (`idcliente`) REFERENCES `catalogoclientes` (`idcliente`) ON DELETE SET NULL ON UPDATE CASCADE,
  ADD CONSTRAINT `simpatizantes_ibfk_180` FOREIGN KEY (`idcliente`) REFERENCES `catalogoclientes` (`idcliente`) ON DELETE SET NULL ON UPDATE CASCADE,
  ADD CONSTRAINT `simpatizantes_ibfk_183` FOREIGN KEY (`idcliente`) REFERENCES `catalogoclientes` (`idcliente`) ON DELETE SET NULL ON UPDATE CASCADE,
  ADD CONSTRAINT `simpatizantes_ibfk_186` FOREIGN KEY (`idcliente`) REFERENCES `catalogoclientes` (`idcliente`) ON DELETE SET NULL ON UPDATE CASCADE,
  ADD CONSTRAINT `simpatizantes_ibfk_189` FOREIGN KEY (`idcliente`) REFERENCES `catalogoclientes` (`idcliente`) ON DELETE SET NULL ON UPDATE CASCADE,
  ADD CONSTRAINT `simpatizantes_ibfk_192` FOREIGN KEY (`idcliente`) REFERENCES `catalogoclientes` (`idcliente`) ON DELETE SET NULL ON UPDATE CASCADE,
  ADD CONSTRAINT `simpatizantes_ibfk_195` FOREIGN KEY (`idcliente`) REFERENCES `catalogoclientes` (`idcliente`) ON DELETE SET NULL ON UPDATE CASCADE,
  ADD CONSTRAINT `simpatizantes_ibfk_198` FOREIGN KEY (`idcliente`) REFERENCES `catalogoclientes` (`idcliente`) ON DELETE SET NULL ON UPDATE CASCADE,
  ADD CONSTRAINT `simpatizantes_ibfk_201` FOREIGN KEY (`idcliente`) REFERENCES `catalogoclientes` (`idcliente`) ON DELETE SET NULL ON UPDATE CASCADE,
  ADD CONSTRAINT `simpatizantes_ibfk_204` FOREIGN KEY (`idcliente`) REFERENCES `catalogoclientes` (`idcliente`) ON DELETE SET NULL ON UPDATE CASCADE,
  ADD CONSTRAINT `simpatizantes_ibfk_207` FOREIGN KEY (`idcliente`) REFERENCES `catalogoclientes` (`idcliente`) ON DELETE SET NULL ON UPDATE CASCADE,
  ADD CONSTRAINT `simpatizantes_ibfk_208` FOREIGN KEY (`userName`) REFERENCES `login` (`userName`) ON DELETE SET NULL ON UPDATE CASCADE,
  ADD CONSTRAINT `simpatizantes_ibfk_209` FOREIGN KEY (`cvesec`) REFERENCES `seccion` (`cvesec`) ON DELETE SET NULL ON UPDATE CASCADE,
  ADD CONSTRAINT `simpatizantes_ibfk_21` FOREIGN KEY (`idcliente`) REFERENCES `catalogoclientes` (`idcliente`) ON DELETE SET NULL ON UPDATE CASCADE,
  ADD CONSTRAINT `simpatizantes_ibfk_210` FOREIGN KEY (`idcliente`) REFERENCES `catalogoclientes` (`idcliente`) ON DELETE SET NULL ON UPDATE CASCADE,
  ADD CONSTRAINT `simpatizantes_ibfk_24` FOREIGN KEY (`idcliente`) REFERENCES `catalogoclientes` (`idcliente`) ON DELETE SET NULL ON UPDATE CASCADE,
  ADD CONSTRAINT `simpatizantes_ibfk_27` FOREIGN KEY (`idcliente`) REFERENCES `catalogoclientes` (`idcliente`) ON DELETE SET NULL ON UPDATE CASCADE,
  ADD CONSTRAINT `simpatizantes_ibfk_3` FOREIGN KEY (`idcliente`) REFERENCES `catalogoclientes` (`idcliente`) ON DELETE SET NULL ON UPDATE CASCADE,
  ADD CONSTRAINT `simpatizantes_ibfk_30` FOREIGN KEY (`idcliente`) REFERENCES `catalogoclientes` (`idcliente`) ON DELETE SET NULL ON UPDATE CASCADE,
  ADD CONSTRAINT `simpatizantes_ibfk_33` FOREIGN KEY (`idcliente`) REFERENCES `catalogoclientes` (`idcliente`) ON DELETE SET NULL ON UPDATE CASCADE,
  ADD CONSTRAINT `simpatizantes_ibfk_36` FOREIGN KEY (`idcliente`) REFERENCES `catalogoclientes` (`idcliente`) ON DELETE SET NULL ON UPDATE CASCADE,
  ADD CONSTRAINT `simpatizantes_ibfk_39` FOREIGN KEY (`idcliente`) REFERENCES `catalogoclientes` (`idcliente`) ON DELETE SET NULL ON UPDATE CASCADE,
  ADD CONSTRAINT `simpatizantes_ibfk_42` FOREIGN KEY (`idcliente`) REFERENCES `catalogoclientes` (`idcliente`) ON DELETE SET NULL ON UPDATE CASCADE,
  ADD CONSTRAINT `simpatizantes_ibfk_45` FOREIGN KEY (`idcliente`) REFERENCES `catalogoclientes` (`idcliente`) ON DELETE SET NULL ON UPDATE CASCADE,
  ADD CONSTRAINT `simpatizantes_ibfk_48` FOREIGN KEY (`idcliente`) REFERENCES `catalogoclientes` (`idcliente`) ON DELETE SET NULL ON UPDATE CASCADE,
  ADD CONSTRAINT `simpatizantes_ibfk_51` FOREIGN KEY (`idcliente`) REFERENCES `catalogoclientes` (`idcliente`) ON DELETE SET NULL ON UPDATE CASCADE,
  ADD CONSTRAINT `simpatizantes_ibfk_54` FOREIGN KEY (`idcliente`) REFERENCES `catalogoclientes` (`idcliente`) ON DELETE SET NULL ON UPDATE CASCADE,
  ADD CONSTRAINT `simpatizantes_ibfk_57` FOREIGN KEY (`idcliente`) REFERENCES `catalogoclientes` (`idcliente`) ON DELETE SET NULL ON UPDATE CASCADE,
  ADD CONSTRAINT `simpatizantes_ibfk_6` FOREIGN KEY (`idcliente`) REFERENCES `catalogoclientes` (`idcliente`) ON DELETE SET NULL ON UPDATE CASCADE,
  ADD CONSTRAINT `simpatizantes_ibfk_60` FOREIGN KEY (`idcliente`) REFERENCES `catalogoclientes` (`idcliente`) ON DELETE SET NULL ON UPDATE CASCADE,
  ADD CONSTRAINT `simpatizantes_ibfk_63` FOREIGN KEY (`idcliente`) REFERENCES `catalogoclientes` (`idcliente`) ON DELETE SET NULL ON UPDATE CASCADE,
  ADD CONSTRAINT `simpatizantes_ibfk_66` FOREIGN KEY (`idcliente`) REFERENCES `catalogoclientes` (`idcliente`) ON DELETE SET NULL ON UPDATE CASCADE,
  ADD CONSTRAINT `simpatizantes_ibfk_69` FOREIGN KEY (`idcliente`) REFERENCES `catalogoclientes` (`idcliente`) ON DELETE SET NULL ON UPDATE CASCADE,
  ADD CONSTRAINT `simpatizantes_ibfk_72` FOREIGN KEY (`idcliente`) REFERENCES `catalogoclientes` (`idcliente`) ON DELETE SET NULL ON UPDATE CASCADE,
  ADD CONSTRAINT `simpatizantes_ibfk_75` FOREIGN KEY (`idcliente`) REFERENCES `catalogoclientes` (`idcliente`) ON DELETE SET NULL ON UPDATE CASCADE,
  ADD CONSTRAINT `simpatizantes_ibfk_78` FOREIGN KEY (`idcliente`) REFERENCES `catalogoclientes` (`idcliente`) ON DELETE SET NULL ON UPDATE CASCADE,
  ADD CONSTRAINT `simpatizantes_ibfk_81` FOREIGN KEY (`idcliente`) REFERENCES `catalogoclientes` (`idcliente`) ON DELETE SET NULL ON UPDATE CASCADE,
  ADD CONSTRAINT `simpatizantes_ibfk_84` FOREIGN KEY (`idcliente`) REFERENCES `catalogoclientes` (`idcliente`) ON DELETE SET NULL ON UPDATE CASCADE,
  ADD CONSTRAINT `simpatizantes_ibfk_87` FOREIGN KEY (`idcliente`) REFERENCES `catalogoclientes` (`idcliente`) ON DELETE SET NULL ON UPDATE CASCADE,
  ADD CONSTRAINT `simpatizantes_ibfk_9` FOREIGN KEY (`idcliente`) REFERENCES `catalogoclientes` (`idcliente`) ON DELETE SET NULL ON UPDATE CASCADE,
  ADD CONSTRAINT `simpatizantes_ibfk_90` FOREIGN KEY (`idcliente`) REFERENCES `catalogoclientes` (`idcliente`) ON DELETE SET NULL ON UPDATE CASCADE,
  ADD CONSTRAINT `simpatizantes_ibfk_93` FOREIGN KEY (`idcliente`) REFERENCES `catalogoclientes` (`idcliente`) ON DELETE SET NULL ON UPDATE CASCADE,
  ADD CONSTRAINT `simpatizantes_ibfk_96` FOREIGN KEY (`idcliente`) REFERENCES `catalogoclientes` (`idcliente`) ON DELETE SET NULL ON UPDATE CASCADE,
  ADD CONSTRAINT `simpatizantes_ibfk_99` FOREIGN KEY (`idcliente`) REFERENCES `catalogoclientes` (`idcliente`) ON DELETE SET NULL ON UPDATE CASCADE;
